id_contrat,numero_contrat,id_entreprise,id_agence,id_conseiller,id_produit,date_octroi,date_echeance,montant_principal,taux_interet,encours_restant,statut
1,CON_000001,1,1,10,14,2022-02-02,2025-10-01,13150708.32,1.89,3069257.26,SAIN
2,CON_000002,2,1,11,5,2021-03-03,2024-08-30,827967.47,5.09,0.1,SAIN
3,CON_000003,3,1,10,1,2024-11-15,2025-01-14,114974.04,5.65,57622.04,SURVEILLANCE
4,CON_000004,5,1,10,8,2024-11-27,2025-02-26,2245907.09,6.27,1501169.42,SAIN
5,CON_000005,5,1,10,6,2024-06-19,2030-11-15,14825323.24,4.67,13822616.36,SAIN
6,CON_000006,8,1,11,1,2024-12-14,2025-07-14,1568590.84,7.05,1568590.84,SAIN
7,CON_000007,12,1,11,1,2024-12-06,2025-01-05,118619.85,7.62,118619.85,SAIN
8,CON_000008,13,1,10,11,2022-11-26,2025-10-25,149981.4,2.39,43922.78,SAIN
9,CON_000009,15,1,10,13,2024-05-19,2025-03-19,781305.8,0.84,234966.06,SAIN
10,CON_000010,16,1,11,4,2020-06-25,2028-06-21,12014829.23,6.37,6011822.94,SAIN
11,CON_000011,17,1,10,4,2024-09-11,2027-03-12,554532.52,5.82,502630.65,SAIN
12,CON_000012,18,1,11,11,2024-06-02,2025-01-31,153300.57,1.44,38463.16,SAIN
13,CON_000013,21,1,10,4,2016-08-01,2024-03-28,14221104.86,6.11,0.0,SAIN
14,CON_000014,24,1,11,3,2024-07-11,2025-02-08,91115.27,7.39,26433.74,SAIN
15,CON_000015,25,1,10,13,2024-07-04,2025-07-03,96661.65,1.27,56535.01,SAIN
16,CON_000016,25,1,10,3,2024-06-15,2025-03-15,105332.77,6.4,35672.68,SAIN
17,CON_000017,26,1,11,10,2024-11-05,2025-09-05,45883527.36,4.78,41376821.43,SAIN
18,CON_000018,26,1,11,1,2024-11-09,2025-01-08,4961836.3,7.67,2488821.49,SAIN
19,CON_000019,27,1,10,2,2024-06-24,2025-04-24,1238489.39,6.04,502869.58,SAIN
20,CON_000020,29,1,10,12,2024-10-25,2025-02-23,28027968.46,2.35,14041401.41,SAIN
21,CON_000021,30,1,11,6,2023-01-24,2028-06-22,9574951.76,3.86,6412877.71,SAIN
22,CON_000022,31,1,10,6,2024-06-17,2029-10-14,4219790.03,4.24,3863399.44,SAIN
23,CON_000023,36,1,11,10,2024-10-06,2025-01-05,8292895.06,5.32,2776535.29,SAIN
24,CON_000024,37,1,10,14,2021-08-17,2026-02-13,2260122.03,1.29,598606.67,SAIN
25,CON_000025,37,1,10,10,2024-10-17,2025-10-16,29943000.06,4.84,25052397.66,SAIN
26,CON_000026,38,1,11,10,2024-10-11,2025-02-09,3041924.43,4.56,1526730.89,SURVEILLANCE
27,CON_000027,40,1,11,7,2022-02-23,2028-08-21,9195654.01,3.91,5472227.29,SAIN
28,CON_000028,41,1,10,3,2024-07-04,2025-06-03,293538.2,7.32,162543.35,SAIN
29,CON_000029,42,1,11,7,2019-03-25,2024-07-21,4389201.95,4.42,0.0,SAIN
30,CON_000030,43,1,10,8,2023-08-02,2023-12-01,1802412.9,6.65,0.0,SAIN
31,CON_000031,44,1,11,4,2022-05-24,2023-12-22,12542546.55,4.88,0.0,SAIN
32,CON_000032,47,1,10,4,2023-02-20,2025-06-20,7912450.28,6.08,1791027.07,SAIN
33,CON_000033,47,1,10,8,2024-09-03,2025-02-02,808282.3,6.26,325838.42,SAIN
34,CON_000034,48,1,11,4,2024-04-08,2028-06-06,27722083.9,6.21,23752940.06,SAIN
35,CON_000035,49,1,10,14,2024-01-08,2027-02-05,1609686.76,1.31,1137900.35,SAIN
36,CON_000036,50,1,11,11,2024-09-02,2026-03-03,444281.3,1.6,370972.41,SAIN
37,CON_000037,50,1,11,11,2023-09-12,2025-05-12,334000.11,1.9,84493.46,SAIN
38,CON_000038,53,1,10,1,2024-11-28,2025-02-27,4906520.13,7.87,3281692.87,SAIN
39,CON_000039,56,1,11,10,2024-10-12,2025-01-11,337347.01,4.36,112857.07,SAIN
40,CON_000040,56,1,11,10,2024-09-27,2025-02-26,977862.31,4.89,393532.53,SAIN
41,CON_000041,57,1,10,11,2024-09-22,2025-04-22,6075427.23,1.72,3479129.65,SAIN
42,CON_000042,60,1,11,2,2024-10-17,2025-05-17,1836952.67,6.44,1319112.92,SAIN
43,CON_000043,61,1,10,7,2021-09-10,2028-05-08,15479796.24,4.62,8525925.49,SAIN
44,CON_000044,64,1,11,11,2023-05-05,2026-04-03,476043.11,1.5,220203.76,SAIN
45,CON_000045,64,1,11,3,2024-11-28,2025-11-27,865665.97,6.01,795492.75,SAIN
46,CON_000046,65,1,10,2,2024-12-28,2025-01-27,640107.64,8.37,640107.64,SAIN
47,CON_000047,67,1,10,12,2024-11-12,2025-01-11,3389593.89,2.54,1696588.71,SAIN
48,CON_000048,68,1,11,2,2024-09-11,2025-03-12,243342.7,7.58,122820.53,SAIN
49,CON_000049,70,1,11,4,2023-05-19,2030-01-14,5564106.44,5.61,4424108.64,SAIN
50,CON_000050,73,1,10,12,2024-07-21,2025-02-18,6066656.62,2.85,1743622.06,SAIN
51,CON_000051,75,1,10,12,2024-04-19,2025-03-19,4564177.84,1.53,1251126.78,SAIN
52,CON_000052,76,1,11,9,2024-12-12,2025-08-12,8579473.91,5.8,8579473.91,SAIN
53,CON_000053,79,1,10,6,2021-03-17,2028-02-12,21559597.61,3.68,11966333.59,NPL
54,CON_000054,80,1,11,1,2024-11-19,2025-01-18,92055.32,6.46,46151.21,SAIN
55,CON_000055,82,1,11,7,2021-05-02,2027-08-29,10358608.97,4.27,4842825.59,SAIN
56,CON_000056,82,1,11,11,2023-03-08,2025-07-06,4457244.54,1.53,1129263.6,SAIN
57,CON_000057,86,1,11,2,2024-12-12,2025-03-13,138905.7,7.95,138905.7,SAIN
58,CON_000058,88,1,11,5,2023-12-20,2026-03-19,9093655.19,4.46,5164250.31,SAIN
59,CON_000059,91,1,10,14,2024-08-01,2028-01-29,6239993.27,2.06,5664886.24,SAIN
60,CON_000060,94,1,11,11,2024-03-13,2025-06-12,806546.79,1.66,324626.98,SAIN
61,CON_000061,96,1,11,11,2023-12-03,2025-04-02,354006.32,1.89,89339.06,SAIN
62,CON_000062,96,1,11,13,2024-07-07,2025-02-04,79598.97,0.91,22785.68,SURVEILLANCE
63,CON_000063,97,1,10,11,2024-08-05,2025-02-03,889639.93,2.18,297623.76,SAIN
64,CON_000064,99,1,10,7,2023-02-06,2030-11-03,14474534.88,3.49,11394717.11,SAIN
65,CON_000065,100,1,11,1,2024-11-23,2025-01-22,213964.8,7.22,107303.27,SURVEILLANCE
66,CON_000066,102,1,11,3,2024-09-07,2025-02-06,76587.08,6.62,30887.86,SAIN
67,CON_000067,102,1,11,11,2022-11-03,2025-08-02,307899.15,2.17,76336.44,SAIN
68,CON_000068,103,1,10,1,2024-08-04,2025-01-03,419383.39,6.11,84730.82,SAIN
69,CON_000069,104,1,11,11,2024-12-16,2025-01-15,25078.18,2.32,25078.18,SAIN
70,CON_000070,105,1,10,7,2019-06-21,2029-06-16,26767979.22,4.75,14968178.57,NPL
71,CON_000071,108,1,11,1,2024-08-22,2025-04-22,104313.85,6.81,52747.2,SURVEILLANCE
72,CON_000072,110,1,11,2,2024-07-10,2025-02-07,67573.33,7.99,19628.02,SAIN
73,CON_000073,111,1,10,2,2024-10-19,2025-08-19,688096.15,8.28,554235.91,SAIN
74,CON_000074,112,1,11,12,2024-11-28,2025-01-27,3278243.67,2.52,1640841.11,SAIN
75,CON_000075,113,1,10,10,2024-10-11,2025-01-10,9470509.87,4.02,3167400.21,SURVEILLANCE
76,CON_000076,114,1,11,4,2019-11-07,2029-02-01,13131975.11,5.3,6712868.22,SAIN
77,CON_000077,115,1,10,6,2018-02-12,2026-07-10,651735.76,4.89,143871.68,SAIN
78,CON_000078,117,1,10,13,2024-11-03,2025-10-03,91856.06,1.34,83552.03,SAIN
79,CON_000079,119,1,10,14,2020-09-26,2024-12-24,5210159.28,1.2,0.0,SAIN
80,CON_000080,120,1,11,5,2023-09-19,2026-02-16,8613216.18,5.43,4298957.45,SAIN
81,CON_000081,121,1,10,11,2024-03-02,2026-08-31,1008662.95,1.12,709022.59,SAIN
82,CON_000082,122,1,11,11,2024-03-13,2025-11-11,746401.49,2.4,414209.28,SAIN
83,CON_000083,123,1,10,13,2024-04-15,2025-02-13,157636.38,1.26,31659.73,SAIN
84,CON_000084,126,1,11,2,2024-11-15,2025-04-16,177108.08,8.11,142162.03,SAIN
85,CON_000085,127,1,10,5,2023-07-24,2025-09-21,3491934.54,4.87,1250574.86,SAIN
86,CON_000086,129,1,10,7,2023-07-10,2027-09-07,11802483.38,3.51,7981443.85,SAIN
87,CON_000087,129,1,10,5,2018-02-28,2024-07-26,1844307.93,4.52,0.23,SAIN
88,CON_000088,130,1,11,11,2023-09-04,2025-09-02,8178108.19,1.45,3094599.61,SURVEILLANCE
89,CON_000089,132,1,11,3,2024-12-13,2025-08-13,103679.03,6.28,103679.03,SAIN
90,CON_000090,133,1,10,1,2024-10-12,2025-02-10,284580.17,6.14,258308.16,NPL
91,CON_000091,134,1,11,11,2024-07-05,2025-07-04,9222467.7,2.08,5403051.34,SAIN
92,CON_000092,140,1,11,1,2024-04-15,2025-03-15,1065346.99,7.56,297885.69,SAIN
93,CON_000093,143,1,10,1,2024-08-06,2025-04-06,3808482.46,5.81,1922635.55,SAIN
94,CON_000094,146,1,11,5,2022-08-08,2025-08-06,10297722.18,4.08,2398331.53,SAIN
95,CON_000095,147,1,10,1,2024-10-20,2025-05-20,587698.85,7.27,422312.69,SAIN
96,CON_000096,148,1,11,11,2024-04-23,2026-01-21,780742.73,1.14,665477.43,NPL
97,CON_000097,150,1,11,10,2024-08-19,2025-02-17,991916.21,5.89,333881.78,SAIN
98,CON_000098,151,1,10,3,2024-09-10,2025-02-09,85281.64,5.62,34351.91,SAIN
99,CON_000099,153,1,10,8,2024-05-02,2024-10-01,2144208.44,5.75,0.01,SAIN
100,CON_000100,153,1,10,4,2022-02-20,2024-11-19,1922915.0,6.33,0.16,SAIN
101,CON_000101,157,1,10,10,2024-11-27,2025-07-28,31298440.94,4.32,27435165.16,SAIN
102,CON_000102,158,1,11,7,2021-05-10,2028-09-05,3018376.59,3.85,1649497.49,SAIN
103,CON_000103,159,1,10,10,2024-03-06,2024-12-04,24674304.99,4.04,0.03,SAIN
104,CON_000104,160,1,11,1,2023-10-16,2024-01-15,215345.39,7.14,0.0,SAIN
105,CON_000105,161,1,10,1,2024-12-28,2025-07-28,311655.44,5.84,311655.44,SAIN
106,CON_000106,161,1,10,11,2022-08-12,2024-11-09,140291.96,1.98,0.1,SAIN
107,CON_000107,164,1,11,5,2024-03-18,2030-10-14,10847527.77,4.8,9777262.77,SAIN
108,CON_000108,165,1,10,9,2024-10-14,2025-01-13,5236356.33,4.7,1752279.55,SAIN
109,CON_000109,167,1,10,2,2024-10-23,2025-02-21,37701.45,6.67,18955.21,SAIN
110,CON_000110,167,1,10,11,2024-12-28,2025-01-27,12667.04,1.16,12667.04,SAIN
111,CON_000111,168,1,11,4,2022-05-24,2027-01-20,3773336.27,4.74,1787759.14,SAIN
112,CON_000112,169,1,10,13,2024-10-19,2025-06-19,366941.97,1.49,275547.7,SAIN
113,CON_000113,171,1,10,3,2024-10-03,2025-06-03,820026.38,7.11,618638.58,SAIN
114,CON_000114,178,1,11,6,2023-01-05,2027-12-03,4835887.5,4.74,3083199.02,SAIN
115,CON_000115,182,1,11,9,2024-11-25,2025-07-26,2093917.8,5.2,1836122.04,SAIN
116,CON_000116,184,1,11,3,2024-11-16,2025-11-15,901898.94,5.41,828586.14,SAIN
117,CON_000117,184,1,11,11,2023-02-20,2024-10-20,230572.46,2.01,0.0,SAIN
118,CON_000118,186,1,11,1,2024-08-01,2025-07-01,281828.18,6.95,181410.5,SAIN
119,CON_000119,186,1,11,1,2024-08-06,2025-06-06,96430.82,6.71,58502.49,SAIN
120,CON_000120,189,1,10,13,2024-10-03,2025-01-02,194354.72,1.74,64878.81,SAIN
121,CON_000121,191,1,10,3,2024-12-06,2025-05-07,68814.55,6.78,68814.55,SAIN
122,CON_000122,192,1,11,11,2023-01-17,2024-11-15,426893.13,1.02,0.08,SURVEILLANCE
123,CON_000123,193,1,10,13,2024-05-27,2025-05-26,280168.41,1.0,117077.24,SAIN
124,CON_000124,196,1,11,2,2024-07-06,2025-01-04,513408.7,7.97,86990.44,SAIN
125,CON_000125,199,1,10,2,2024-07-27,2025-05-27,507640.66,7.76,257910.2,SAIN
126,CON_000126,202,1,11,9,2024-11-10,2025-03-11,8414012.39,4.93,6323427.84,SAIN
127,CON_000127,203,1,10,10,2024-11-28,2025-02-27,25916739.19,5.47,17317085.78,SAIN
128,CON_000128,204,1,11,5,2023-07-22,2029-02-16,8661071.95,4.42,6661204.69,SAIN
129,CON_000129,206,1,11,2,2024-08-08,2025-02-06,318983.13,8.0,107743.81,SAIN
130,CON_000130,207,1,10,2,2024-12-25,2025-01-24,37049.36,6.78,37049.36,SAIN
131,CON_000131,209,1,10,6,2021-05-03,2026-05-01,21580091.48,3.58,6510799.62,SURVEILLANCE
132,CON_000132,211,1,10,11,2024-08-09,2025-02-07,242552.46,1.8,81093.31,SAIN
133,CON_000133,212,1,11,3,2024-06-28,2025-02-26,163354.61,6.48,41500.83,SURVEILLANCE
134,CON_000134,217,1,10,2,2024-11-23,2025-11-22,974243.16,6.05,895282.95,SAIN
135,CON_000135,218,1,11,2,2024-06-12,2025-04-12,1431642.22,6.83,582425.1,SAIN
136,CON_000136,220,1,11,4,2019-10-14,2026-03-11,31627000.35,5.06,6990091.3,SAIN
137,CON_000137,221,1,10,12,2024-11-05,2025-10-05,10624634.58,2.84,9670134.21,SAIN
138,CON_000138,221,1,10,1,2024-06-18,2025-02-16,2207301.17,5.6,559556.65,SAIN
139,CON_000139,222,1,11,11,2023-01-01,2025-05-31,4611185.62,1.28,965770.22,SURVEILLANCE
140,CON_000140,223,1,10,6,2020-12-17,2028-05-14,11124645.42,4.6,5596387.36,SAIN
141,CON_000141,224,1,11,1,2024-10-17,2025-03-18,315657.94,7.14,190517.2,SAIN
142,CON_000142,225,1,10,14,2023-09-12,2026-01-10,1374495.02,1.42,643820.78,SAIN
143,CON_000143,226,1,11,13,2023-08-05,2024-05-04,293237.16,1.01,0.0,SAIN
144,CON_000144,226,1,11,2,2024-12-15,2025-01-14,36357.39,6.28,36357.39,SAIN
145,CON_000145,228,1,11,6,2023-12-08,2027-02-05,7258595.25,4.59,5079112.96,SAIN
146,CON_000146,229,1,10,10,2024-08-10,2025-06-10,8843026.71,4.74,5347593.13,SAIN
147,CON_000147,229,1,10,9,2024-12-17,2025-02-15,1448696.01,5.5,1448696.01,SAIN
148,CON_000148,231,1,10,11,2024-08-12,2025-03-12,93161.07,1.65,40035.93,SAIN
149,CON_000149,232,1,11,2,2024-09-24,2025-06-24,116652.76,7.1,78454.59,SAIN
150,CON_000150,232,1,11,10,2024-11-16,2025-05-17,6035139.38,4.43,5853640.5,NPL
151,CON_000151,233,1,10,13,2024-06-16,2025-02-14,94492.63,1.81,52270.62,NPL
152,CON_000152,234,1,11,4,2021-05-10,2026-04-07,14334043.3,5.14,4250897.84,SAIN
153,CON_000153,236,1,11,13,2024-09-05,2025-01-04,257316.46,1.56,64454.53,SAIN
154,CON_000154,237,1,10,3,2024-05-10,2024-11-08,540695.16,5.15,0.0,SAIN
155,CON_000155,238,1,11,13,2024-09-19,2025-01-18,472206.29,1.97,118342.2,SAIN
156,CON_000156,239,1,10,2,2024-06-06,2025-03-06,472633.34,6.9,160261.93,SAIN
157,CON_000157,241,1,10,1,2024-12-13,2025-03-14,81601.41,6.06,81601.41,SAIN
158,CON_000158,245,1,10,7,2022-07-06,2030-12-31,8675999.24,3.47,6463394.68,SAIN
159,CON_000159,246,1,11,7,2019-01-16,2026-08-13,2216058.52,3.21,534243.38,SAIN
160,CON_000160,248,1,11,11,2022-09-11,2025-09-09,3822357.63,1.12,967657.78,SAIN
161,CON_000161,250,1,11,1,2024-10-27,2025-01-26,124202.96,7.24,41650.27,SAIN
162,CON_000162,251,1,10,4,2022-01-20,2027-12-18,3932789.86,4.95,2137389.71,SAIN
163,CON_000163,251,1,10,7,2022-02-23,2031-10-20,23692836.67,3.47,18127697.01,NPL
164,CON_000164,252,1,11,2,2024-10-20,2025-07-20,1144364.6,8.08,896000.64,SAIN
165,CON_000165,254,1,11,13,2024-10-10,2025-01-09,280702.18,1.29,93667.93,SAIN
166,CON_000166,255,1,10,1,2024-11-21,2025-03-22,3790311.57,5.78,2849552.52,SAIN
167,CON_000167,257,1,10,2,2024-11-15,2025-02-14,131610.78,8.18,88038.22,SAIN
168,CON_000168,260,1,11,8,2024-11-07,2025-03-08,1206922.56,5.66,907318.29,SAIN
169,CON_000169,262,1,11,6,2020-09-09,2028-09-05,4191726.59,4.19,2139716.7,SAIN
170,CON_000170,263,1,10,9,2024-11-20,2025-04-21,3948241.32,5.61,3165941.83,SAIN
171,CON_000171,264,1,11,12,2024-12-27,2025-10-27,14482080.64,2.45,14482080.64,SAIN
172,CON_000172,265,1,10,9,2023-11-13,2024-05-13,3143835.73,5.69,0.02,SURVEILLANCE
173,CON_000173,266,1,11,13,2024-07-02,2025-01-30,228664.58,1.74,65569.56,SAIN
174,CON_000174,266,1,11,1,2024-12-18,2025-01-17,50280.9,6.8,50280.9,SAIN
175,CON_000175,267,1,10,14,2022-10-08,2026-01-05,11839293.29,1.62,4015842.89,SAIN
176,CON_000176,268,1,11,11,2024-04-21,2026-10-20,13889.43,1.73,10244.07,SAIN
177,CON_000177,272,1,11,7,2018-02-14,2026-09-11,4578904.94,3.13,1035808.57,SAIN
178,CON_000178,272,1,11,6,2017-02-26,2026-08-23,1196968.57,3.9,243244.08,SAIN
179,CON_000179,273,1,10,5,2023-06-23,2026-08-21,3576073.39,4.45,1944741.22,SAIN
180,CON_000180,274,1,11,2,2024-06-01,2025-01-30,1556786.75,6.53,395555.84,SAIN
181,CON_000181,277,1,10,3,2024-09-15,2025-03-16,733373.88,7.39,370063.73,SURVEILLANCE
182,CON_000182,278,1,11,3,2024-12-07,2025-09-06,709747.07,6.27,709747.07,SAIN
183,CON_000183,281,1,10,2,2024-06-09,2025-04-09,110991.2,8.03,45286.67,SAIN
184,CON_000184,283,1,10,1,2024-08-18,2025-04-18,816385.89,7.84,413509.01,SAIN
185,CON_000185,284,1,11,11,2024-08-26,2025-05-26,1193239.13,1.58,664654.75,SAIN
186,CON_000186,286,1,11,3,2024-09-10,2025-06-10,248194.62,6.73,166847.19,SAIN
187,CON_000187,287,1,10,11,2024-08-13,2025-12-12,2512868.78,2.04,1891039.39,SAIN
188,CON_000188,287,1,10,11,2024-08-20,2025-06-20,3627537.47,2.25,2184671.64,SAIN
189,CON_000189,288,1,11,1,2024-11-03,2025-01-02,139858.47,5.71,70095.21,SAIN
190,CON_000190,289,1,10,14,2024-12-22,2028-09-20,9420651.6,2.14,9420651.6,SAIN
191,CON_000191,292,1,11,12,2024-07-23,2025-02-20,4875338.83,2.65,1400644.18,SAIN
192,CON_000192,292,1,11,9,2024-10-04,2025-01-03,573197.09,4.37,191760.65,SAIN
193,CON_000193,294,1,11,12,2024-12-05,2025-07-05,12848370.42,2.95,12848370.42,SAIN
194,CON_000194,297,1,10,4,2024-08-04,2025-10-03,6218844.44,5.55,4482833.76,SAIN
195,CON_000195,302,1,11,14,2024-06-21,2025-07-21,13821044.28,1.29,7466084.27,SAIN
196,CON_000196,304,1,11,2,2024-11-11,2025-03-12,57673.71,7.78,43394.75,SAIN
197,CON_000197,305,1,10,12,2024-11-19,2025-06-19,12085396.87,1.76,10366493.29,SAIN
198,CON_000198,305,1,10,11,2023-08-25,2025-05-24,8458139.53,1.28,2031051.83,SAIN
199,CON_000199,306,1,11,4,2023-04-04,2032-09-28,46097560.15,6.03,39791185.57,SURVEILLANCE
200,CON_000200,307,1,10,1,2024-06-11,2025-04-11,722155.81,6.9,293840.09,SAIN
201,CON_000201,313,1,10,9,2024-12-09,2025-01-08,223072.92,4.43,223072.92,SAIN
202,CON_000202,315,1,10,4,2021-01-18,2029-09-14,48334625.08,4.54,28819742.87,SAIN
203,CON_000203,316,1,11,13,2024-09-26,2025-07-27,572096.17,1.72,401326.88,SAIN
204,CON_000204,317,1,10,11,2024-10-15,2026-07-15,7638772.35,2.44,6925227.89,SAIN
205,CON_000205,318,1,11,5,2023-05-12,2027-06-09,14451312.36,4.33,9148305.81,SAIN
206,CON_000206,319,1,10,2,2024-10-26,2025-01-25,542437.77,7.83,181989.83,SAIN
207,CON_000207,320,1,11,1,2024-03-21,2025-03-20,950346.33,6.95,243796.02,SURVEILLANCE
208,CON_000208,320,1,11,2,2024-12-03,2025-03-04,305400.6,7.18,305400.6,SAIN
209,CON_000209,321,1,10,8,2024-10-01,2024-12-31,3997365.1,5.3,1338331.38,SAIN
210,CON_000210,323,1,10,9,2024-08-14,2025-01-13,12461106.0,5.77,2516187.8,SAIN
211,CON_000211,324,1,11,3,2024-10-02,2025-06-02,365416.07,5.05,275209.72,SURVEILLANCE
212,CON_000212,328,1,11,5,2022-10-11,2028-06-08,810080.39,4.02,521881.51,SAIN
213,CON_000213,328,1,11,12,2024-06-27,2025-03-27,676220.58,1.79,226415.55,SAIN
214,CON_000214,334,1,11,1,2024-04-26,2025-02-24,141932.11,6.49,29002.1,SAIN
215,CON_000215,334,1,11,13,2024-11-09,2025-07-10,509729.41,1.1,446217.37,SURVEILLANCE
216,CON_000216,335,1,10,3,2024-03-18,2025-03-17,491092.38,6.37,125713.39,SURVEILLANCE
217,CON_000217,337,1,10,11,2024-04-27,2025-03-27,520567.09,1.44,142654.56,SAIN
218,CON_000218,340,1,11,2,2024-03-06,2025-03-05,1443298.47,6.82,370078.04,SAIN
219,CON_000219,341,1,10,10,2024-12-10,2025-01-09,693530.19,4.39,693530.19,SAIN
220,CON_000220,342,1,11,1,2024-03-28,2025-03-27,4261624.81,7.99,1097430.62,SAIN
221,CON_000221,343,1,10,1,2024-08-15,2025-02-13,3892652.8,6.3,1311163.06,SAIN
222,CON_000222,344,1,11,1,2024-05-01,2024-08-30,215707.59,6.83,0.0,SAIN
223,CON_000223,346,1,11,10,2024-12-28,2025-01-27,761953.85,4.24,761953.85,SAIN
224,CON_000224,346,1,11,4,2024-02-25,2026-12-24,9176367.86,5.24,6617064.87,SAIN
225,CON_000225,347,1,10,1,2024-09-20,2025-03-21,209021.31,6.52,105360.09,SURVEILLANCE
226,CON_000226,347,1,10,11,2022-11-15,2025-11-13,231264.68,2.14,72244.47,SAIN
227,CON_000227,349,1,10,1,2024-08-02,2025-05-02,2871436.09,6.39,1612170.73,SAIN
228,CON_000228,349,1,10,12,2024-11-13,2025-02-12,523497.36,1.8,489278.03,NPL
229,CON_000229,350,1,11,1,2024-10-01,2024-12-31,152928.78,7.72,51303.5,SAIN
230,CON_000230,355,2,14,9,2024-10-26,2025-01-25,2966228.07,6.34,993957.34,SAIN
231,CON_000231,361,2,14,13,2024-11-08,2025-09-08,516980.78,0.93,465462.74,SAIN
232,CON_000232,362,2,15,13,2024-12-20,2025-01-19,96587.63,1.4,96587.63,SAIN
233,CON_000233,364,2,15,12,2024-12-13,2025-11-12,3827133.97,1.92,3827133.97,SAIN
234,CON_000234,365,2,14,12,2024-10-04,2025-04-04,11310369.39,2.65,7556867.0,SURVEILLANCE
235,CON_000235,366,2,15,13,2024-09-24,2025-01-23,503737.14,1.95,126241.16,SAIN
236,CON_000236,370,2,15,9,2024-06-18,2025-03-18,11369285.58,5.34,3840353.52,SAIN
237,CON_000237,370,2,15,10,2023-08-07,2024-01-06,11720915.94,4.61,0.0,SAIN
238,CON_000238,373,2,14,9,2024-09-22,2025-05-23,14363793.13,6.32,9047979.53,SAIN
239,CON_000239,374,2,15,5,2024-07-01,2028-06-29,8799636.39,4.3,7951887.89,SAIN
240,CON_000240,375,2,14,7,2024-08-25,2028-12-22,14332061.95,4.38,13323401.65,SAIN
241,CON_000241,377,2,14,9,2024-09-05,2025-01-04,1679022.48,4.96,422356.3,SAIN
242,CON_000242,378,2,15,2,2024-12-02,2025-04-02,112071.52,6.73,112071.52,SAIN
243,CON_000243,380,2,15,7,2022-06-07,2025-11-04,36573256.36,3.07,10191379.13,SAIN
244,CON_000244,381,2,14,3,2024-11-19,2025-11-18,310389.99,5.98,285225.46,SAIN
245,CON_000245,381,2,14,13,2024-12-14,2025-02-12,182339.57,1.61,182339.57,SAIN
246,CON_000246,382,2,15,1,2024-10-21,2025-01-20,117833.18,7.95,39537.37,SAIN
247,CON_000247,383,2,14,12,2024-08-11,2025-02-09,10210976.19,1.89,3414377.43,SURVEILLANCE
248,CON_000248,384,2,15,1,2024-07-07,2025-03-07,1092038.39,7.01,415488.95,SAIN
249,CON_000249,387,2,14,1,2024-08-08,2025-01-07,400337.2,5.57,80810.73,SAIN
250,CON_000250,392,2,15,1,2024-10-22,2025-01-21,4737382.66,5.66,1586564.05,SAIN
251,CON_000251,392,2,15,9,2024-12-11,2025-01-10,849635.95,5.26,849635.95,SAIN
252,CON_000252,393,2,14,13,2024-09-04,2025-01-03,131132.76,1.35,32838.51,SAIN
253,CON_000253,394,2,15,12,2024-09-24,2025-01-23,5388737.97,2.38,1351191.04,SAIN
254,CON_000254,395,2,14,4,2022-08-14,2024-10-12,221978.55,4.55,0.0,SAIN
255,CON_000255,398,2,15,5,2024-05-20,2029-10-17,7003185.33,4.27,6324308.06,SAIN
256,CON_000256,402,2,15,4,2024-01-24,2025-08-23,20071444.62,5.89,8679238.89,SAIN
257,CON_000257,404,2,15,10,2024-12-05,2025-01-04,3111822.62,5.41,3111822.62,SAIN
258,CON_000258,404,2,15,9,2024-11-27,2025-06-27,295800.09,6.08,254180.91,SAIN
259,CON_000259,405,2,14,14,2024-01-16,2026-04-15,3578836.51,1.54,2135735.29,SAIN
260,CON_000260,406,2,15,14,2022-03-14,2026-05-12,9109637.08,1.57,3164322.83,SAIN
261,CON_000261,409,2,14,10,2024-08-05,2025-01-04,1750500.39,5.59,353361.79,SAIN
262,CON_000262,409,2,14,2,2023-07-07,2024-07-05,1294924.34,6.3,0.01,SURVEILLANCE
263,CON_000263,411,2,14,14,2023-03-13,2025-10-10,8164093.75,1.24,2662191.76,SAIN
264,CON_000264,412,2,15,14,2023-03-06,2025-08-03,12737749.48,1.7,3566252.31,SAIN
265,CON_000265,412,2,15,12,2023-12-26,2024-06-25,11949208.39,2.53,0.01,SURVEILLANCE
266,CON_000266,415,2,14,7,2023-02-13,2026-02-11,37272999.06,3.0,14894433.15,SAIN
267,CON_000267,416,2,15,11,2024-11-08,2027-05-09,652375.6,1.08,630912.21,SAIN
268,CON_000268,417,2,14,9,2024-08-11,2025-03-11,3924933.78,6.3,1699745.37,SURVEILLANCE
269,CON_000269,419,2,14,14,2024-03-05,2025-03-04,9952425.12,1.03,2497720.74,SAIN
270,CON_000270,421,2,14,2,2024-11-16,2025-11-15,294006.43,6.2,270194.34,SAIN
271,CON_000271,428,2,15,13,2024-11-25,2025-06-25,27232.5,1.99,23361.45,SAIN
272,CON_000272,429,2,14,11,2024-06-25,2025-11-23,6692801.08,1.42,4345985.38,SAIN
273,CON_000273,430,2,15,3,2024-11-25,2025-03-26,265669.74,5.6,199715.42,SAIN
274,CON_000274,433,2,14,14,2023-02-01,2027-03-01,12178100.65,1.14,6780413.71,SAIN
275,CON_000275,434,2,15,9,2024-08-17,2025-01-16,4937820.63,5.04,995859.6,SURVEILLANCE
276,CON_000276,436,2,15,3,2024-08-11,2025-07-11,286746.54,5.11,184022.48,SAIN
277,CON_000277,439,2,14,2,2024-05-03,2024-11-01,104767.56,7.48,0.0,SAIN
278,CON_000278,445,2,14,10,2024-05-08,2025-03-08,33152594.21,4.64,10080460.32,SAIN
279,CON_000279,448,2,15,11,2022-11-02,2023-12-02,654326.05,2.28,0.0,SAIN
280,CON_000280,449,2,14,3,2024-12-28,2025-05-29,231014.78,6.24,231014.78,SAIN
281,CON_000281,449,2,14,3,2024-10-26,2025-09-25,834922.65,6.29,686667.93,SAIN
282,CON_000282,451,2,14,3,2024-05-01,2025-03-01,408867.26,6.82,125102.25,SAIN
283,CON_000283,452,2,15,2,2024-10-03,2025-06-03,1447695.22,7.71,1092695.22,SAIN
284,CON_000284,454,2,15,6,2020-05-27,2027-01-23,12108840.89,4.85,4211402.84,SAIN
285,CON_000285,456,2,15,10,2024-08-15,2025-05-15,2021393.79,4.59,1131565.41,SAIN
286,CON_000286,457,2,14,11,2024-05-01,2025-01-29,3439822.09,2.04,768955.69,SAIN
287,CON_000287,460,2,15,13,2024-06-27,2024-10-26,34395.43,1.42,0.0,SAIN
288,CON_000288,460,2,15,13,2024-11-14,2025-04-15,107594.71,1.09,86114.82,SAIN
289,CON_000289,461,2,14,13,2024-12-26,2025-07-26,22586.81,1.91,22586.81,SAIN
290,CON_000290,462,2,15,11,2023-12-23,2025-05-22,2576120.73,2.45,766976.6,SAIN
291,CON_000291,464,2,15,9,2024-12-14,2025-03-15,2073394.21,5.85,2073394.21,SAIN
292,CON_000292,465,2,14,3,2024-06-18,2025-03-18,89211.89,7.02,30259.13,SAIN
293,CON_000293,467,2,14,1,2024-07-11,2025-02-08,1812797.85,7.71,526261.36,SAIN
294,CON_000294,468,2,15,3,2024-10-11,2025-02-09,194921.64,6.57,97992.95,SURVEILLANCE
295,CON_000295,470,2,15,8,2024-10-23,2025-03-24,247674.94,6.42,149397.17,SAIN
296,CON_000296,471,2,14,2,2023-10-02,2024-09-30,677991.72,7.12,0.01,SURVEILLANCE
297,CON_000297,473,2,14,13,2024-06-01,2025-01-30,74789.01,1.84,18783.26,SAIN
298,CON_000298,477,2,14,11,2023-09-16,2026-08-15,395306.97,1.81,228439.78,SAIN
299,CON_000299,481,2,14,11,2021-08-01,2023-12-30,565427.75,1.66,0.05,SAIN
300,CON_000300,482,2,15,6,2022-09-12,2032-06-07,9682782.39,4.63,7818777.12,SAIN
301,CON_000301,484,2,15,2,2024-06-17,2025-02-15,509711.66,6.09,129369.57,SAIN
302,CON_000302,484,2,15,11,2024-09-05,2025-11-04,70286.67,1.69,55341.59,SAIN
303,CON_000303,488,2,15,14,2024-03-14,2026-01-11,883088.43,1.18,524131.35,SAIN
304,CON_000304,489,2,14,10,2024-06-16,2025-02-14,89258831.59,5.3,22610587.75,SAIN
305,CON_000305,491,2,14,12,2024-09-28,2025-02-27,6025977.14,1.85,2415962.02,SAIN
306,CON_000306,492,2,15,6,2019-07-07,2027-12-02,10232446.44,4.62,4109806.52,SAIN
307,CON_000307,492,2,15,11,2024-09-23,2025-02-22,8694766.66,1.82,7678311.45,NPL
308,CON_000308,495,2,14,6,2017-12-16,2027-02-11,25289004.68,3.92,6820310.72,SURVEILLANCE
309,CON_000309,497,2,14,14,2024-02-08,2024-11-07,3419564.48,1.69,0.02,SAIN
310,CON_000310,499,2,14,2,2024-11-03,2025-05-04,65631.41,6.8,54846.78,SAIN
311,CON_000311,500,2,15,14,2024-03-05,2025-10-03,4173785.71,1.97,2212939.55,SAIN
312,CON_000312,505,2,14,13,2024-07-11,2025-01-09,54977.63,1.6,9193.47,SAIN
313,CON_000313,506,2,15,3,2024-06-03,2025-02-01,138904.64,6.57,35297.02,SURVEILLANCE
314,CON_000314,507,2,14,3,2024-11-28,2025-03-29,385216.45,7.36,289793.82,SAIN
315,CON_000315,507,2,14,1,2024-07-03,2025-03-03,899509.07,7.11,342307.24,SAIN
316,CON_000316,508,2,15,2,2024-12-02,2025-01-31,110031.49,7.23,110031.49,SAIN
317,CON_000317,509,2,14,4,2022-11-24,2028-11-20,31570685.39,6.26,21919991.43,SAIN
318,CON_000318,511,2,14,12,2024-12-10,2025-04-10,8077026.01,2.68,8077026.01,SAIN
319,CON_000319,513,2,14,11,2024-07-26,2025-10-25,296665.9,2.18,198673.32,SAIN
320,CON_000320,515,2,14,2,2024-11-27,2025-05-28,28209.81,7.42,23580.33,SAIN
321,CON_000321,516,2,15,12,2023-11-03,2024-03-03,45216666.23,2.11,0.0,SAIN
322,CON_000322,517,2,14,2,2024-08-22,2025-01-21,638742.85,7.18,129277.25,SAIN
323,CON_000323,519,2,14,4,2020-07-01,2026-09-28,3664327.76,4.73,1189027.37,SAIN
324,CON_000324,521,2,14,1,2024-11-20,2025-01-19,1113814.95,6.9,558504.0,SAIN
325,CON_000325,521,2,14,12,2024-08-07,2025-05-07,10685500.21,2.52,5961286.79,SAIN
326,CON_000326,522,2,15,11,2024-10-24,2025-01-23,3984930.28,1.33,1329781.76,SURVEILLANCE
327,CON_000327,523,2,14,12,2024-11-03,2025-06-03,1898038.68,2.96,1628890.21,SURVEILLANCE
328,CON_000328,526,2,15,10,2024-06-26,2025-02-24,925280.73,5.73,707272.98,NPL
329,CON_000329,527,2,14,11,2024-08-13,2026-08-12,4304274.71,1.11,3593511.9,SURVEILLANCE
330,CON_000330,530,2,15,11,2024-05-27,2025-03-27,233832.71,2.13,70585.73,SAIN
331,CON_000331,532,2,15,12,2024-09-28,2025-08-28,11178080.08,1.97,8149487.83,SAIN
332,CON_000332,534,2,15,5,2023-09-13,2025-12-11,6425430.65,4.03,2927663.87,SAIN
333,CON_000333,535,2,14,4,2019-01-11,2028-03-08,3792497.0,4.62,1531152.76,SAIN
334,CON_000334,535,2,14,1,2023-08-07,2024-06-06,2502613.2,6.19,0.0,SAIN
335,CON_000335,536,2,15,1,2024-07-23,2025-02-20,294901.58,6.73,85438.93,SAIN
336,CON_000336,539,2,14,1,2024-07-23,2025-05-23,518243.13,7.63,263227.14,SAIN
337,CON_000337,541,2,14,3,2024-11-07,2025-03-08,112941.94,7.24,84960.71,SAIN
338,CON_000338,542,2,15,11,2023-09-19,2026-05-18,547234.37,1.82,294020.83,SAIN
339,CON_000339,543,2,14,6,2021-03-09,2026-09-05,6462320.76,4.28,2223086.73,SAIN
340,CON_000340,544,2,15,1,2024-10-11,2025-05-11,1192896.99,5.83,856188.79,SAIN
341,CON_000341,547,2,14,13,2024-08-12,2025-01-11,10304.42,1.7,2066.73,SAIN
342,CON_000342,548,2,15,2,2024-08-13,2025-08-12,391659.74,7.04,264148.98,SAIN
343,CON_000343,550,2,15,4,2021-11-13,2027-02-10,11252884.39,5.17,5015761.08,SAIN
344,CON_000344,551,2,14,4,2023-07-08,2028-07-05,25377203.26,6.2,18964620.97,SAIN
345,CON_000345,554,2,15,12,2024-11-14,2025-04-15,8526731.14,2.99,8204353.94,NPL
346,CON_000346,554,2,15,1,2024-11-05,2025-01-04,508943.38,7.11,255223.34,SAIN
347,CON_000347,555,2,14,3,2024-11-26,2025-04-27,560747.85,6.82,449865.83,SAIN
348,CON_000348,556,2,15,12,2024-12-19,2025-01-18,2278452.73,2.52,2278452.73,SAIN
349,CON_000349,557,2,14,11,2024-10-14,2025-04-14,4069811.48,1.54,2716685.87,SAIN
350,CON_000350,560,2,15,3,2024-12-23,2025-11-22,154615.58,7.4,154615.58,SAIN
351,CON_000351,561,2,14,11,2023-07-20,2025-05-18,4498590.53,2.31,1039183.88,SAIN
352,CON_000352,562,2,15,10,2024-11-23,2025-05-24,27253392.33,5.96,22767233.67,SAIN
353,CON_000353,563,2,14,10,2024-12-23,2025-01-22,401554.06,5.93,401554.06,SAIN
354,CON_000354,564,2,15,6,2023-09-08,2029-12-05,7183880.53,3.93,5884473.22,SAIN
355,CON_000355,567,2,14,8,2023-11-28,2024-02-27,1953392.93,5.62,0.01,SURVEILLANCE
356,CON_000356,568,2,15,2,2024-11-03,2025-02-02,1372514.41,7.59,917891.16,SURVEILLANCE
357,CON_000357,572,2,15,3,2024-11-12,2025-04-13,143084.87,7.12,114805.47,SAIN
358,CON_000358,575,2,14,4,2020-06-18,2028-08-14,26790271.25,5.22,13442853.01,SAIN
359,CON_000359,576,2,15,3,2024-02-11,2024-11-10,191332.54,6.78,0.04,SAIN
360,CON_000360,579,2,14,11,2023-10-01,2023-12-31,20043.26,1.89,0.01,SAIN
361,CON_000361,580,2,15,1,2024-12-04,2025-02-02,50300.7,6.14,50300.7,SAIN
362,CON_000362,580,2,15,2,2024-12-28,2025-01-27,20758.25,8.0,20758.25,SAIN
363,CON_000363,581,2,14,14,2022-08-08,2026-08-06,10347796.81,1.78,4401220.52,SAIN
364,CON_000364,585,2,14,7,2023-08-06,2026-08-04,2731990.98,4.6,1564092.29,SAIN
365,CON_000365,586,2,15,13,2024-12-02,2025-01-01,74838.94,1.0,74838.94,SAIN
366,CON_000366,588,2,15,10,2024-10-21,2025-05-21,36186460.67,4.41,25942112.29,SAIN
367,CON_000367,592,2,15,14,2024-11-25,2029-02-22,73218.74,1.82,71836.8,SAIN
368,CON_000368,592,2,15,14,2023-11-23,2025-08-22,9773992.22,1.63,3756314.68,SAIN
369,CON_000369,594,2,15,1,2024-07-22,2025-05-22,158810.9,6.09,80410.29,SAIN
370,CON_000370,595,2,14,11,2024-10-09,2025-10-08,562165.68,2.28,469358.39,SAIN
371,CON_000371,598,2,15,1,2024-07-19,2025-05-19,200119.46,6.62,150933.81,NPL
372,CON_000372,599,2,14,2,2024-10-02,2025-01-01,30341.61,6.45,10168.13,SURVEILLANCE
373,CON_000373,602,2,15,7,2022-05-15,2030-01-09,3728868.16,4.64,2617105.25,SAIN
374,CON_000374,602,2,15,1,2024-05-09,2025-05-08,1936431.58,6.58,822315.69,SAIN
375,CON_000375,604,2,15,13,2023-09-26,2024-01-25,358868.64,1.51,0.01,SAIN
376,CON_000376,606,2,15,8,2024-08-05,2025-01-04,13967483.48,5.63,2819708.73,SAIN
377,CON_000377,606,2,15,7,2019-12-27,2027-03-24,2810442.64,3.94,959396.74,SAIN
378,CON_000378,607,2,14,13,2024-10-23,2025-02-21,44119.27,1.08,39766.91,NPL
379,CON_000379,608,2,15,5,2021-05-07,2024-09-04,14040524.1,5.11,0.0,SAIN
380,CON_000380,610,2,15,13,2024-12-12,2025-09-11,218436.7,1.28,218436.7,SAIN
381,CON_000381,613,2,14,7,2022-03-22,2026-03-20,23901451.15,4.16,7899916.97,SAIN
382,CON_000382,619,2,14,3,2024-08-18,2025-03-18,50302.45,5.36,21750.48,SAIN
383,CON_000383,620,2,15,1,2024-07-20,2025-01-18,1070980.18,7.56,181310.87,SAIN
384,CON_000384,621,2,14,14,2024-07-15,2025-09-13,7916286.84,1.76,5107669.32,SAIN
385,CON_000385,622,2,15,4,2020-10-10,2028-12-06,10640221.74,4.55,5703825.39,SAIN
386,CON_000386,626,2,15,1,2024-08-25,2025-03-25,2207763.85,7.34,957735.54,SAIN
387,CON_000387,627,2,14,9,2024-08-08,2025-03-08,7118365.61,6.11,3081741.31,SAIN
388,CON_000388,627,2,14,7,2020-07-28,2030-01-22,1790890.34,3.42,1030124.29,SAIN
389,CON_000389,628,2,15,11,2023-06-08,2025-08-06,2427714.33,1.44,755067.64,SAIN
390,CON_000390,630,2,15,13,2024-09-12,2025-03-13,174999.1,1.3,87641.65,SURVEILLANCE
391,CON_000391,631,2,14,1,2024-11-07,2025-02-06,3704737.62,7.16,2477164.16,SAIN
392,CON_000392,632,2,15,4,2023-09-06,2028-05-04,11063872.73,5.42,8368494.46,SAIN
393,CON_000393,633,2,14,5,2023-12-02,2029-01-28,14697359.03,4.59,12117456.44,SAIN
394,CON_000394,635,2,14,1,2024-07-25,2025-07-24,2239707.49,7.36,1326424.92,SAIN
395,CON_000395,635,2,14,10,2024-07-09,2025-05-09,9493656.29,4.94,4795578.9,SAIN
396,CON_000396,637,2,14,12,2024-12-23,2025-01-22,1083027.21,2.88,1083027.21,SAIN
397,CON_000397,639,2,14,7,2022-08-09,2030-10-05,12311840.01,3.75,9169338.08,SAIN
398,CON_000398,642,2,15,1,2024-02-01,2025-01-30,3866414.87,7.28,664046.27,SAIN
399,CON_000399,643,2,14,10,2024-11-17,2025-03-18,22736038.17,4.61,17084678.08,SAIN
400,CON_000400,643,2,14,7,2023-12-20,2029-11-16,10197707.81,3.08,8601820.73,SAIN
401,CON_000401,644,2,15,1,2024-10-09,2025-01-08,165565.6,6.93,55506.64,SAIN
402,CON_000402,646,2,15,3,2024-08-27,2025-02-25,66203.62,6.49,22306.35,SAIN
403,CON_000403,646,2,15,11,2024-11-11,2025-02-10,40935.98,1.1,27303.15,SAIN
404,CON_000404,647,2,14,3,2024-06-24,2025-06-23,812261.92,6.01,412217.37,SAIN
405,CON_000405,649,2,14,2,2024-11-11,2025-05-12,107673.87,7.82,90018.37,SAIN
406,CON_000406,651,2,14,2,2024-11-17,2025-10-17,1134797.37,6.11,1034233.67,SAIN
407,CON_000407,651,2,14,7,2023-05-08,2027-09-04,12753840.2,4.29,8365713.05,SAIN
408,CON_000408,654,2,15,11,2024-12-28,2026-01-27,136649.8,2.49,136649.8,SAIN
409,CON_000409,657,2,14,3,2023-09-20,2024-08-19,102059.06,6.64,0.02,SAIN
410,CON_000410,658,2,15,6,2022-11-19,2026-03-19,26374071.99,4.36,10341170.83,SAIN
411,CON_000411,661,2,14,11,2024-10-28,2025-03-29,315247.86,1.96,189457.32,SAIN
412,CON_000412,669,2,14,1,2024-05-25,2025-03-25,451436.23,6.98,138190.47,SAIN
413,CON_000413,669,2,14,3,2024-11-02,2025-04-03,648705.03,7.18,520507.33,SAIN
414,CON_000414,671,2,14,9,2024-11-01,2025-07-02,4585088.61,5.09,4020407.2,SAIN
415,CON_000415,672,2,15,2,2024-07-13,2025-02-10,743190.09,7.8,215790.39,SAIN
416,CON_000416,672,2,15,11,2024-05-21,2026-02-18,495482.77,1.17,331447.23,SAIN
417,CON_000417,675,2,14,12,2024-09-11,2025-01-10,4148952.62,2.41,1040361.78,SAIN
418,CON_000418,678,2,15,1,2024-11-14,2025-06-14,3950750.75,7.48,3396824.5,SAIN
419,CON_000419,678,2,15,10,2023-03-23,2024-03-21,60609045.76,4.21,0.0,SAIN
420,CON_000420,679,2,14,7,2018-06-25,2027-04-21,2411890.04,3.06,701648.09,SAIN
421,CON_000421,681,2,14,3,2024-09-26,2025-01-25,630431.47,6.92,158969.85,SAIN
422,CON_000422,686,2,15,13,2024-10-27,2025-02-25,172422.72,1.12,155421.88,NPL
423,CON_000423,691,2,14,14,2022-09-18,2025-08-17,3971021.91,1.71,925188.99,SAIN
424,CON_000424,692,2,15,11,2022-09-12,2024-03-12,790958.61,1.93,0.03,SAIN
425,CON_000425,696,2,15,14,2022-06-26,2026-04-24,10696397.73,1.9,3809094.77,SAIN
426,CON_000426,697,2,14,6,2021-03-23,2029-06-18,2515267.22,4.1,1476469.66,SAIN
427,CON_000427,697,2,14,7,2021-04-26,2030-06-22,13646230.75,4.41,8837514.23,SAIN
428,CON_000428,698,2,15,8,2024-12-17,2025-02-15,4734097.71,5.5,4734097.71,SAIN
429,CON_000429,699,2,14,13,2024-09-13,2025-07-14,918314.62,1.61,644111.9,SAIN
430,CON_000430,699,2,14,11,2024-04-16,2026-12-14,823304.85,1.24,620022.53,SAIN
431,CON_000431,701,3,18,2,2024-12-11,2025-04-11,63104.34,7.86,63104.34,SAIN
432,CON_000432,703,3,18,2,2024-09-21,2025-05-22,375910.55,8.12,237315.25,SAIN
433,CON_000433,705,3,18,2,2023-03-27,2024-03-25,136646.48,8.3,0.0,SAIN
434,CON_000434,706,3,19,4,2022-06-19,2024-10-17,8353299.23,4.51,0.0,SAIN
435,CON_000435,709,3,18,3,2024-11-08,2025-03-09,50281.04,7.26,37824.28,SAIN
436,CON_000436,711,3,18,11,2023-05-04,2025-12-01,595823.47,2.03,234351.96,SAIN
437,CON_000437,712,3,19,5,2024-10-04,2029-05-03,9378361.41,5.02,9073714.16,SAIN
438,CON_000438,715,3,18,8,2024-11-22,2025-02-21,6415505.39,5.92,4287518.93,SAIN
439,CON_000439,722,3,19,10,2024-12-10,2025-09-09,14541867.26,5.98,14541867.26,SAIN
440,CON_000440,724,3,19,3,2024-10-01,2025-01-30,92537.47,6.32,84015.41,NPL
441,CON_000441,725,3,18,10,2023-08-15,2024-08-13,8003556.94,4.94,0.01,SAIN
442,CON_000442,726,3,19,1,2024-07-17,2025-04-16,686095.23,6.74,309204.75,SURVEILLANCE
443,CON_000443,727,3,18,4,2024-02-07,2025-11-06,34232316.76,5.93,18372711.44,SAIN
444,CON_000444,729,3,18,12,2024-11-09,2025-10-09,565275.86,2.57,556076.21,NPL
445,CON_000445,730,3,19,3,2024-09-23,2025-04-23,74770.58,7.17,43107.45,SAIN
446,CON_000446,732,3,19,13,2024-06-09,2025-02-07,57431.43,1.82,14423.21,SAIN
447,CON_000447,735,3,18,1,2024-05-12,2025-05-11,1069808.05,6.07,453637.83,SAIN
448,CON_000448,741,3,18,10,2024-12-19,2025-07-19,5557997.39,5.86,5557997.39,SAIN
449,CON_000449,741,3,18,7,2017-11-10,2027-04-07,10577515.6,4.76,3077090.61,SAIN
450,CON_000450,742,3,19,4,2021-06-01,2024-04-30,3513765.44,5.03,0.08,SAIN
451,CON_000451,748,3,19,10,2024-06-08,2025-02-06,4782878.55,5.72,1212831.48,SAIN
452,CON_000452,751,3,18,11,2024-03-28,2026-04-27,227221.19,2.28,146660.9,SAIN
453,CON_000453,753,3,18,2,2024-08-15,2025-05-15,427031.34,6.41,239765.05,SAIN
454,CON_000454,755,3,18,1,2024-11-22,2025-04-23,118784.15,6.97,95301.7,SAIN
455,CON_000455,758,3,19,3,2024-07-17,2025-01-15,102263.15,6.63,17279.47,SAIN
456,CON_000456,760,3,19,12,2024-08-04,2025-01-03,9011851.32,2.03,1808468.28,SAIN
457,CON_000457,760,3,19,14,2024-10-23,2026-07-23,7041854.04,1.57,6379500.58,SAIN
458,CON_000458,761,3,18,1,2024-12-27,2025-02-25,104630.64,6.95,104630.64,SAIN
459,CON_000459,761,3,18,3,2024-05-04,2025-05-03,726233.86,6.56,308381.36,SAIN
460,CON_000460,762,3,19,8,2024-11-16,2025-02-15,4795072.67,5.42,3203912.67,SAIN
461,CON_000461,762,3,19,7,2015-09-20,2024-08-15,6664607.26,4.4,0.0,SAIN
462,CON_000462,764,3,19,10,2024-12-28,2025-01-27,2298535.89,5.6,2298535.89,SAIN
463,CON_000463,765,3,18,1,2024-12-03,2025-11-02,517615.36,5.79,517615.36,SAIN
464,CON_000464,766,3,19,3,2024-03-16,2025-02-13,276335.91,5.46,51274.69,SAIN
465,CON_000465,767,3,18,1,2024-04-25,2024-06-24,62552.16,7.88,0.0,SAIN
466,CON_000466,770,3,19,13,2024-04-01,2025-01-30,956162.87,1.89,192438.27,SAIN
467,CON_000467,772,3,19,11,2023-01-25,2025-06-24,189692.16,2.01,40005.52,SAIN
468,CON_000468,773,3,18,4,2024-05-09,2025-12-07,5521118.01,5.64,3544016.63,SAIN
469,CON_000469,774,3,19,12,2024-07-15,2025-01-13,3834157.47,2.43,642262.39,SURVEILLANCE
470,CON_000470,775,3,18,11,2024-12-19,2027-08-18,59868.7,2.1,59868.7,SAIN
471,CON_000471,776,3,19,10,2024-12-25,2025-12-24,53696866.32,5.1,53696866.32,SAIN
472,CON_000472,777,3,18,2,2024-10-19,2025-04-19,323409.99,7.2,216893.84,SAIN
473,CON_000473,782,3,19,4,2021-07-25,2026-07-23,3091391.95,6.18,1083787.68,SAIN
474,CON_000474,788,3,19,11,2024-08-08,2026-01-06,9724745.12,1.52,7455361.32,SAIN
475,CON_000475,793,3,18,3,2024-10-27,2025-04-27,56617.33,6.62,37952.16,SAIN
476,CON_000476,794,3,19,11,2024-10-28,2026-03-28,3334333.93,1.66,2946114.19,SAIN
477,CON_000477,796,3,19,2,2024-09-04,2025-01-03,213802.21,7.01,53918.44,SAIN
478,CON_000478,797,3,18,10,2024-12-02,2025-01-01,2523973.98,5.56,2523973.98,SAIN
479,CON_000479,797,3,18,2,2024-11-27,2025-05-28,22589.75,6.55,18875.84,SAIN
480,CON_000480,798,3,19,2,2024-09-07,2025-04-07,216366.5,7.33,124766.2,SAIN
481,CON_000481,801,3,18,11,2024-04-07,2026-08-06,748111.32,2.28,538406.93,SAIN
482,CON_000482,801,3,18,3,2024-04-03,2025-04-02,189304.77,7.39,64657.42,SAIN
483,CON_000483,802,3,19,11,2024-11-10,2025-02-09,19675.3,2.02,13127.89,SAIN
484,CON_000484,804,3,19,5,2022-11-07,2027-08-05,3025053.17,5.25,1790358.63,SAIN
485,CON_000485,806,3,19,13,2024-10-25,2025-08-25,164250.99,1.94,131612.71,SAIN
486,CON_000486,806,3,19,2,2024-07-02,2025-03-02,36658.97,7.32,13956.53,SURVEILLANCE
487,CON_000487,808,3,19,4,2022-05-07,2025-11-03,13257388.49,4.69,3684741.46,SAIN
488,CON_000488,809,3,18,10,2024-08-16,2025-01-15,9814819.49,5.47,1980859.39,SAIN
489,CON_000489,810,3,19,14,2024-05-25,2027-07-24,11688596.69,1.69,9582136.72,SAIN
490,CON_000490,811,3,18,8,2024-10-21,2025-01-20,427308.44,5.55,143093.89,SAIN
491,CON_000491,811,3,18,14,2023-06-12,2025-05-11,7708740.3,1.01,1688525.06,SAIN
492,CON_000492,813,3,18,1,2024-09-07,2025-02-06,76808.67,6.7,30980.29,SAIN
493,CON_000493,816,3,19,11,2024-10-20,2026-03-20,121493.51,1.64,107346.13,SAIN
494,CON_000494,825,3,18,12,2024-12-05,2025-01-04,856449.91,2.15,856449.91,SAIN
495,CON_000495,825,3,18,11,2024-12-05,2025-04-05,902343.75,1.31,902343.75,SAIN
496,CON_000496,826,3,19,10,2024-10-08,2025-01-07,14165585.58,5.93,4745157.29,SAIN
497,CON_000497,828,3,19,1,2024-10-21,2025-01-20,3428955.8,5.91,1148605.23,SAIN
498,CON_000498,829,3,18,1,2024-12-25,2025-01-24,258914.8,7.16,258914.8,SAIN
499,CON_000499,829,3,18,10,2024-10-19,2025-01-18,1892126.61,5.06,633364.62,SAIN
500,CON_000500,830,3,19,3,2024-05-16,2025-04-15,220156.72,7.29,81759.05,SAIN
501,CON_000501,830,3,19,13,2024-07-08,2025-04-07,494234.95,1.8,220483.29,SAIN
502,CON_000502,831,3,18,4,2023-12-09,2030-02-04,7352448.63,6.03,6337422.01,SAIN
503,CON_000503,833,3,18,3,2024-10-03,2025-06-03,185760.38,6.94,140120.59,SAIN
504,CON_000504,835,3,18,2,2024-08-24,2025-06-24,857979.39,8.08,521680.81,SAIN
505,CON_000505,835,3,18,2,2024-04-19,2025-03-19,1602430.31,7.77,448368.67,SAIN
506,CON_000506,836,3,19,10,2024-05-11,2025-03-11,13795783.42,4.81,4196834.88,SAIN
507,CON_000507,838,3,19,14,2023-12-17,2026-04-16,12046620.95,2.12,6956597.76,SAIN
508,CON_000508,842,3,19,6,2021-02-28,2028-11-25,11630767.8,4.24,6353406.11,SAIN
509,CON_000509,844,3,19,9,2024-10-20,2025-01-19,3374017.44,6.07,2948063.14,NPL
510,CON_000510,849,3,18,13,2024-09-14,2025-09-13,613122.09,1.12,460484.46,SURVEILLANCE
511,CON_000511,850,3,19,11,2024-10-25,2025-06-25,162497.63,1.33,122008.13,SAIN
512,CON_000512,851,3,18,1,2024-11-22,2025-06-22,97001.95,7.78,83411.74,SAIN
513,CON_000513,852,3,19,3,2024-06-21,2025-02-19,934307.64,5.5,713631.22,NPL
514,CON_000514,854,3,19,3,2024-08-06,2025-04-06,387864.09,7.22,196258.57,SAIN
515,CON_000515,857,3,18,12,2024-08-26,2025-04-26,10505364.36,2.12,5271225.2,SAIN
516,CON_000516,858,3,19,11,2024-08-03,2025-02-01,309393.24,2.08,103488.51,SAIN
517,CON_000517,860,3,19,2,2024-07-02,2025-06-01,1442030.62,6.58,797304.56,SAIN
518,CON_000518,863,3,18,10,2023-10-12,2024-07-11,8285560.5,4.05,0.0,SAIN
519,CON_000519,863,3,18,5,2021-02-10,2026-04-09,1266355.5,5.26,435141.38,NPL
520,CON_000520,868,3,19,1,2024-10-17,2025-01-16,4552752.92,7.72,1527326.49,SAIN
521,CON_000521,870,3,19,2,2023-03-14,2023-12-12,46564.44,7.12,0.0,SAIN
522,CON_000522,871,3,18,6,2023-03-06,2027-08-03,11217649.43,3.95,7005076.95,SAIN
523,CON_000523,873,3,18,3,2024-07-06,2025-02-03,215344.78,6.62,62375.63,SAIN
524,CON_000524,875,3,18,12,2024-08-09,2025-02-07,17828545.69,2.32,5965820.12,SAIN
525,CON_000525,876,3,19,6,2021-06-08,2027-02-04,6068322.08,4.97,2523529.31,SAIN
526,CON_000526,877,3,18,3,2024-09-19,2025-02-18,127408.06,7.35,51430.49,SAIN
527,CON_000527,880,3,19,11,2024-11-18,2026-12-18,424116.48,1.78,407451.86,SAIN
528,CON_000528,880,3,19,13,2024-12-13,2025-03-14,135833.78,1.56,135833.78,SAIN
529,CON_000529,881,3,18,1,2024-12-13,2025-04-13,2365166.48,7.27,2365166.48,SAIN
530,CON_000530,882,3,19,6,2022-08-11,2031-02-05,14473087.99,3.87,10960903.87,SAIN
531,CON_000531,884,3,19,12,2024-08-17,2025-03-17,9793305.69,2.69,4215934.0,SAIN
532,CON_000532,885,3,18,7,2024-03-09,2027-11-06,12821078.7,3.71,10338324.71,SAIN
533,CON_000533,885,3,18,6,2019-03-04,2024-05-31,14537670.49,3.75,0.21,SAIN
534,CON_000534,886,3,19,3,2024-10-09,2025-03-10,54120.85,5.22,32613.36,SAIN
535,CON_000535,886,3,19,3,2023-11-12,2024-04-12,54938.78,6.58,0.02,SAIN
536,CON_000536,887,3,18,5,2023-02-07,2026-04-07,4817322.81,4.48,2111764.66,SAIN
537,CON_000537,892,3,19,4,2020-05-18,2026-07-15,33613748.07,4.6,10812442.03,NPL
538,CON_000538,892,3,19,12,2023-10-05,2024-07-04,25447672.86,2.74,0.0,SAIN
539,CON_000539,893,3,18,6,2018-08-14,2026-06-10,27055324.38,4.75,5986769.73,SAIN
540,CON_000540,894,3,19,11,2024-09-26,2024-11-25,33640.63,1.93,0.01,SAIN
541,CON_000541,897,3,18,1,2024-08-14,2025-07-14,2445701.02,7.36,2313254.14,NPL
542,CON_000542,900,3,19,9,2024-08-08,2025-01-07,2011423.95,6.09,406367.91,SURVEILLANCE
543,CON_000543,901,4,22,3,2024-08-06,2025-02-04,395838.16,6.06,133277.58,SAIN
544,CON_000544,902,4,23,7,2021-12-05,2028-07-02,7897791.88,3.26,4507861.75,SAIN
545,CON_000545,903,4,22,2,2024-09-01,2025-04-01,153729.64,6.14,88517.41,SAIN
546,CON_000546,904,4,23,11,2023-12-03,2026-12-01,492553.95,1.0,330007.71,SURVEILLANCE
547,CON_000547,905,4,22,14,2024-09-26,2028-05-25,3079011.03,1.29,2873670.84,SAIN
548,CON_000548,907,4,22,6,2017-10-25,2026-05-22,8815344.73,3.98,1669708.24,SAIN
549,CON_000549,907,4,22,10,2024-08-06,2025-01-05,7352784.0,5.41,1483816.2,SAIN
550,CON_000550,908,4,23,6,2020-07-07,2030-03-03,27901164.46,3.67,16370059.61,SAIN
551,CON_000551,910,4,23,13,2024-05-25,2025-02-22,42449.38,0.86,9456.83,SAIN
552,CON_000552,911,4,22,5,2023-12-28,2025-12-26,1998525.55,4.55,1510694.06,NPL
553,CON_000553,913,4,22,6,2020-08-01,2025-12-29,7037139.53,4.46,1546344.02,SAIN
554,CON_000554,914,4,23,14,2024-08-07,2028-10-05,13113667.76,2.08,12105853.57,SURVEILLANCE
555,CON_000555,915,4,22,11,2021-12-08,2024-01-07,547416.58,1.53,0.0,SAIN
556,CON_000556,916,4,23,1,2023-07-20,2024-06-18,226095.43,7.56,0.0,SAIN
557,CON_000557,917,4,22,1,2024-09-20,2025-05-21,2964847.15,6.44,1867879.41,SAIN
558,CON_000558,918,4,23,3,2024-06-15,2025-02-13,336522.55,5.84,85359.88,SAIN
559,CON_000559,922,4,23,2,2024-12-06,2025-01-05,64365.43,6.8,64365.43,SAIN
560,CON_000560,923,4,22,4,2022-04-24,2027-08-21,488433.3,6.36,264822.31,SAIN
561,CON_000561,926,4,23,13,2024-09-01,2024-12-31,115540.01,1.58,28942.05,SURVEILLANCE
562,CON_000562,927,4,22,4,2020-11-26,2027-02-23,10385391.15,5.55,4013541.76,SAIN
563,CON_000563,927,4,22,9,2024-07-17,2025-03-17,11794932.11,5.74,4475948.76,SAIN
564,CON_000564,928,4,23,8,2024-10-16,2025-04-16,4458521.85,6.59,2988596.34,SAIN
565,CON_000565,929,4,22,8,2024-12-12,2025-06-12,6156234.9,6.78,6156234.9,SAIN
566,CON_000566,931,4,22,13,2024-10-12,2025-10-11,179571.65,1.68,174013.33,NPL
567,CON_000567,932,4,23,3,2024-04-04,2025-03-04,445262.09,5.91,123831.18,SAIN
568,CON_000568,933,4,22,6,2020-01-22,2028-04-18,7041339.08,4.79,3182487.34,SAIN
569,CON_000569,934,4,23,3,2024-06-02,2025-03-02,624189.94,6.88,211641.82,SAIN
570,CON_000570,935,4,22,6,2020-09-19,2028-03-17,9785974.43,4.07,4608504.92,SAIN
571,CON_000571,936,4,23,5,2021-11-02,2027-05-31,659818.55,4.37,315368.87,SAIN
572,CON_000572,937,4,22,12,2024-11-23,2025-11-22,39157219.04,1.85,35921693.49,SURVEILLANCE
573,CON_000573,940,4,23,1,2024-11-12,2025-02-11,326003.27,7.64,218024.43,SAIN
574,CON_000574,941,4,22,4,2023-11-01,2026-03-31,8727236.07,5.79,4965252.14,SAIN
575,CON_000575,942,4,23,9,2024-09-22,2025-03-23,7109067.5,4.33,3573737.84,SAIN
576,CON_000576,944,4,23,5,2024-01-08,2026-05-08,13727961.75,4.32,8498942.35,SAIN
577,CON_000577,945,4,22,11,2024-05-09,2026-04-08,37806.42,2.35,31864.2,NPL
578,CON_000578,946,4,23,3,2024-08-19,2025-06-19,353444.91,5.47,213992.9,SAIN
579,CON_000579,947,4,22,9,2024-12-08,2025-01-07,877171.63,4.95,877171.63,SAIN
580,CON_000580,948,4,23,1,2024-12-07,2025-01-06,52484.41,7.45,52484.41,SAIN
581,CON_000581,949,4,22,2,2024-12-14,2025-01-13,231472.36,6.18,231472.36,SAIN
582,CON_000582,950,4,23,12,2024-05-17,2025-03-17,1342660.56,2.93,406241.79,SURVEILLANCE
583,CON_000583,952,4,23,11,2024-10-22,2026-10-21,401665.38,2.31,368896.8,SAIN
584,CON_000584,953,4,22,7,2023-04-11,2029-04-07,6535274.83,4.64,4898096.22,SAIN
585,CON_000585,953,4,22,11,2024-05-25,2025-04-24,1449419.37,1.43,529259.87,SAIN
586,CON_000586,954,4,23,11,2024-12-22,2025-04-22,674276.13,2.39,674276.13,SAIN
587,CON_000587,956,4,23,5,2019-12-12,2026-11-08,8603138.61,4.12,2633973.1,SAIN
588,CON_000588,957,4,22,12,2024-03-16,2025-03-15,460256.72,2.87,116304.06,SAIN
589,CON_000589,958,4,23,11,2024-06-09,2026-04-08,4366864.38,1.13,3184854.93,SAIN
590,CON_000590,961,4,22,4,2017-12-23,2024-06-20,17093150.81,6.1,0.43,SAIN
591,CON_000591,962,4,23,12,2024-12-26,2025-06-26,10919055.8,2.35,10919055.8,SAIN
592,CON_000592,964,4,23,1,2024-06-17,2025-05-17,701295.03,5.9,323464.38,SAIN
593,CON_000593,965,4,22,2,2024-09-04,2025-06-04,109472.49,6.99,73615.6,SAIN
594,CON_000594,966,4,23,2,2024-12-20,2025-03-21,1645166.06,7.13,1645166.06,SAIN
595,CON_000595,967,4,22,8,2024-09-18,2025-02-17,1192597.48,5.7,480432.48,SAIN
596,CON_000596,968,4,23,13,2024-11-04,2025-01-03,22256.71,1.86,11136.97,SAIN
597,CON_000597,969,4,22,2,2024-08-04,2025-02-02,398949.73,6.28,134373.91,SURVEILLANCE
598,CON_000598,971,4,22,13,2024-10-01,2024-12-31,429516.86,1.02,143293.95,SAIN
599,CON_000599,974,4,23,11,2022-11-11,2025-06-10,825567.49,2.5,163971.3,SAIN
600,CON_000600,977,4,22,11,2024-11-24,2025-02-23,255691.78,1.04,170535.01,SAIN
601,CON_000601,981,4,22,8,2024-08-28,2025-02-26,5305665.88,4.62,1782164.31,SAIN
602,CON_000602,982,4,23,12,2024-03-23,2024-09-21,1387576.93,2.53,0.02,SAIN
603,CON_000603,983,4,22,14,2022-03-10,2026-04-07,12224914.0,1.86,4094256.84,SAIN
604,CON_000604,984,4,23,8,2024-10-22,2025-01-21,1738804.28,6.21,582595.7,SAIN
605,CON_000605,985,4,22,14,2022-06-08,2026-10-05,19072374.66,1.28,8198293.34,SAIN
606,CON_000606,987,4,22,11,2024-04-15,2025-05-15,8379388.06,2.46,3249268.49,SAIN
607,CON_000607,987,4,22,10,2024-12-08,2025-01-07,443798.36,5.84,443798.36,SAIN
608,CON_000608,989,4,22,1,2024-10-22,2025-07-22,3090270.35,6.09,2415659.06,SAIN
609,CON_000609,991,4,22,11,2024-12-16,2025-04-16,202562.54,2.48,202562.54,SAIN
610,CON_000610,992,4,23,14,2024-09-26,2026-10-26,11348530.45,1.73,10008188.79,SAIN
611,CON_000611,993,4,22,8,2024-11-12,2025-01-11,3336772.52,6.65,1672996.31,SAIN
612,CON_000612,995,4,22,6,2021-03-27,2025-12-23,2861808.55,4.0,648399.73,SAIN
613,CON_000613,998,4,23,11,2024-08-01,2025-09-30,583267.66,2.38,418267.41,SAIN
614,CON_000614,999,4,22,11,2024-10-01,2025-12-31,407883.77,1.91,354059.84,SURVEILLANCE
615,CON_000615,1000,4,23,4,2023-08-26,2026-02-23,3635142.6,6.23,1766760.83,SAIN
616,CON_000616,1000,4,23,1,2024-03-04,2025-03-03,1033674.07,7.2,265415.99,SAIN
617,CON_000617,1007,4,22,3,2024-04-03,2025-02-01,376155.78,5.8,76689.05,SAIN
618,CON_000618,1007,4,22,3,2024-12-10,2025-12-09,277495.35,6.25,277495.35,SAIN
619,CON_000619,1008,4,23,1,2024-10-11,2025-07-11,2544149.56,6.1,1988773.64,SAIN
620,CON_000620,1008,4,23,1,2024-12-14,2025-01-13,844890.84,5.74,844890.84,SAIN
621,CON_000621,1009,4,22,2,2024-04-09,2025-03-09,94120.37,6.17,26197.98,SAIN
622,CON_000622,1011,4,22,11,2024-09-06,2025-02-05,374065.52,1.8,149962.7,SAIN
623,CON_000623,1015,4,22,1,2024-08-10,2025-01-09,132381.64,6.74,26773.74,SURVEILLANCE
624,CON_000624,1016,4,23,1,2024-08-08,2025-01-07,605494.78,5.53,122215.08,SAIN
625,CON_000625,1016,4,23,11,2024-08-05,2026-04-05,141826.41,2.14,113864.02,SAIN
626,CON_000626,1017,4,22,11,2023-07-26,2024-04-24,660367.24,2.19,0.04,SAIN
627,CON_000627,1018,4,23,14,2023-08-07,2028-06-04,9106406.97,1.88,6676307.05,SAIN
628,CON_000628,1020,4,23,10,2024-11-02,2025-01-01,916807.76,5.23,459400.64,SAIN
629,CON_000629,1021,4,22,1,2024-10-03,2025-08-03,137819.33,6.75,110870.42,SAIN
630,CON_000630,1022,4,23,10,2024-07-22,2025-06-21,653191.84,5.16,360105.44,SAIN
631,CON_000631,1023,4,22,9,2024-07-21,2025-01-19,7698981.69,6.29,1299992.74,SAIN
632,CON_000632,1024,4,23,3,2024-09-22,2025-04-22,446129.74,6.92,257127.91,SAIN
633,CON_000633,1026,4,23,7,2024-08-12,2032-06-08,833109.99,4.33,803106.32,SAIN
634,CON_000634,1028,4,23,3,2024-06-10,2025-02-08,698319.45,5.84,177130.7,SAIN
635,CON_000635,1030,4,23,8,2024-10-06,2025-02-04,5808256.31,6.51,2919840.32,SAIN
636,CON_000636,1032,4,23,1,2024-06-20,2025-02-18,3909148.73,5.52,990783.71,SAIN
637,CON_000637,1036,4,23,11,2024-11-01,2026-10-31,671979.86,1.02,644253.42,SAIN
638,CON_000638,1038,4,23,3,2024-11-02,2025-04-03,704443.44,5.73,564893.83,SAIN
639,CON_000639,1040,4,23,2,2024-05-02,2025-01-30,937108.07,6.58,212249.94,SAIN
640,CON_000640,1041,4,22,11,2024-09-20,2026-01-19,143257.76,1.99,116685.43,SAIN
641,CON_000641,1042,4,23,12,2024-12-04,2025-01-03,409095.54,1.59,409095.54,SAIN
642,CON_000642,1043,4,22,14,2024-10-15,2027-12-14,12810718.2,1.31,12149629.66,SAIN
643,CON_000643,1045,4,22,5,2023-04-27,2025-07-25,1489343.56,5.47,403855.84,SAIN
644,CON_000644,1045,4,22,14,2023-02-03,2025-08-03,12243080.03,1.94,3323050.3,SURVEILLANCE
645,CON_000645,1046,4,23,11,2024-02-10,2025-08-10,205832.35,1.53,92064.09,SAIN
646,CON_000646,1046,4,23,3,2024-10-03,2025-04-03,332320.33,7.19,222867.69,SAIN
647,CON_000647,1048,4,23,1,2024-04-19,2025-03-19,730667.76,6.72,203744.73,SURVEILLANCE
648,CON_000648,1049,4,22,1,2024-10-08,2025-09-07,343827.38,7.66,283089.93,SAIN
649,CON_000649,1050,4,23,7,2020-06-20,2027-12-17,2238827.06,3.2,960363.14,SAIN
650,CON_000650,1051,4,22,2,2024-06-11,2025-03-11,564920.06,6.79,191503.03,SAIN
651,CON_000651,1053,4,22,7,2024-03-02,2027-09-30,8240934.55,4.1,6614651.6,SAIN
652,CON_000652,1054,4,23,7,2017-08-21,2026-11-16,3834853.12,3.1,887227.81,SAIN
653,CON_000653,1055,4,22,7,2023-01-03,2026-04-02,13927830.96,3.08,5882893.24,SAIN
654,CON_000654,1056,4,23,6,2022-09-10,2027-01-07,5692863.74,4.55,2876850.35,SAIN
655,CON_000655,1057,4,22,1,2023-10-18,2024-03-18,140219.0,5.62,0.01,SAIN
656,CON_000656,1058,4,23,4,2018-01-08,2026-11-04,10106775.32,5.23,2604698.85,SAIN
657,CON_000657,1060,4,23,1,2024-04-28,2025-02-26,548345.43,7.71,112496.42,SAIN
658,CON_000658,1063,4,22,14,2024-09-27,2027-06-27,1255909.11,1.74,1144200.8,SAIN
659,CON_000659,1064,4,23,4,2022-12-22,2027-10-20,10059589.46,4.71,6172109.8,SAIN
660,CON_000660,1065,4,22,2,2024-03-17,2025-03-16,686789.53,7.46,176515.03,SAIN
661,CON_000661,1066,4,23,13,2023-07-19,2024-05-18,363912.71,1.09,0.03,SAIN
662,CON_000662,1068,4,23,13,2024-09-04,2025-09-03,750972.12,1.55,564318.24,SAIN
663,CON_000663,1069,4,22,3,2024-11-09,2025-04-10,328649.7,5.57,263527.12,SAIN
664,CON_000664,1071,4,22,2,2024-06-22,2025-02-20,399713.63,8.3,102004.21,SAIN
665,CON_000665,1071,4,22,3,2024-08-03,2025-05-03,369538.59,5.2,207073.31,SAIN
666,CON_000666,1072,4,23,2,2024-07-11,2025-04-10,724089.35,7.19,326628.15,SAIN
667,CON_000667,1072,4,23,13,2024-06-09,2025-06-08,947899.13,1.92,476222.72,SAIN
668,CON_000668,1073,4,22,2,2024-12-15,2025-04-15,487854.75,7.14,487854.75,SAIN
669,CON_000669,1075,4,22,11,2023-06-01,2024-05-30,807319.31,1.18,0.04,SAIN
670,CON_000670,1076,4,23,3,2024-05-27,2025-04-26,416097.86,6.67,154251.7,SAIN
671,CON_000671,1077,4,22,7,2016-06-15,2024-06-11,4105082.43,3.64,0.0,SAIN
672,CON_000672,1079,4,22,11,2023-09-08,2025-09-06,526878.52,2.26,200372.7,SAIN
673,CON_000673,1083,4,22,3,2024-07-12,2025-06-11,348202.5,6.92,192656.09,SAIN
674,CON_000674,1084,4,23,1,2024-07-28,2025-05-28,341021.17,5.57,172484.57,SAIN
675,CON_000675,1085,4,22,3,2024-08-02,2025-04-02,197025.37,6.61,99594.96,SAIN
676,CON_000676,1086,4,23,11,2023-03-01,2025-12-28,7218596.21,1.17,2788329.78,SAIN
677,CON_000677,1087,4,22,10,2024-06-15,2025-03-15,1038969.3,4.01,819308.69,NPL
678,CON_000678,1087,4,22,2,2024-10-12,2025-02-10,1866855.03,7.28,939073.12,SAIN
679,CON_000679,1089,4,22,1,2023-05-27,2024-03-26,1726958.66,6.26,0.0,SAIN
680,CON_000680,1090,4,23,11,2024-04-18,2025-11-16,680383.06,1.27,395571.76,SAIN
681,CON_000681,1092,4,23,5,2018-08-09,2024-01-06,8346291.18,4.49,0.2,SAIN
682,CON_000682,1094,4,23,6,2021-05-16,2030-10-11,13112379.85,4.86,8812930.07,SAIN
683,CON_000683,1100,4,23,14,2021-07-03,2026-05-31,14206358.69,1.54,4448642.89,SAIN
684,CON_000684,1102,5,27,8,2024-11-20,2025-02-19,10376396.66,5.94,6934662.46,SAIN
685,CON_000685,1104,5,27,13,2024-10-17,2025-02-15,581670.87,1.69,291244.74,SAIN
686,CON_000686,1105,5,26,7,2019-12-13,2028-09-08,1076303.42,3.53,502139.26,SURVEILLANCE
687,CON_000687,1107,5,26,4,2018-05-25,2023-12-21,13509032.46,4.78,0.17,SAIN
688,CON_000688,1109,5,26,3,2024-09-05,2025-07-06,161919.33,7.23,154520.63,NPL
689,CON_000689,1109,5,26,3,2024-07-05,2025-05-05,676745.14,5.87,342500.28,SAIN
690,CON_000690,1111,5,26,10,2024-06-14,2025-06-13,12840302.39,4.67,6494957.62,SAIN
691,CON_000691,1112,5,27,3,2024-10-05,2025-02-03,226575.03,7.05,113951.12,SAIN
692,CON_000692,1114,5,27,12,2024-05-24,2025-03-24,2479993.29,2.58,749598.51,SAIN
693,CON_000693,1116,5,27,11,2024-07-26,2025-02-23,137504.85,1.37,39399.22,SAIN
694,CON_000694,1117,5,26,11,2024-01-21,2025-09-20,892819.81,1.58,404677.75,SAIN
695,CON_000695,1117,5,26,11,2023-10-10,2026-02-07,194593.96,1.54,98170.51,SAIN
696,CON_000696,1118,5,27,13,2024-08-03,2025-03-03,434791.71,1.15,186696.34,SAIN
697,CON_000697,1119,5,26,12,2024-11-07,2025-01-06,1762213.58,2.41,881990.68,SAIN
698,CON_000698,1119,5,26,4,2023-12-26,2025-10-24,9531594.13,5.93,4460865.62,SAIN
699,CON_000699,1121,5,26,14,2024-12-23,2025-07-23,335255.41,1.15,335255.41,SAIN
700,CON_000700,1122,5,27,10,2024-12-27,2025-05-28,13860333.93,4.91,13860333.93,SAIN
701,CON_000701,1123,5,26,12,2024-04-19,2025-04-18,5729064.19,1.97,1922231.65,SAIN
702,CON_000702,1123,5,26,8,2024-08-27,2025-02-25,7737640.59,5.51,2602880.85,SAIN
703,CON_000703,1124,5,27,11,2023-09-05,2026-01-03,391018.21,1.72,183495.31,SAIN
704,CON_000704,1126,5,27,11,2022-03-02,2024-06-30,2065519.16,2.39,0.0,SAIN
705,CON_000705,1127,5,26,9,2024-05-24,2025-02-21,2101960.96,5.32,474360.81,SAIN
706,CON_000706,1128,5,27,13,2024-09-26,2025-03-27,372509.89,1.53,186610.93,SAIN
707,CON_000707,1131,5,26,11,2024-08-26,2025-05-26,312237.04,1.65,173941.6,SAIN
708,CON_000708,1132,5,27,12,2024-11-04,2025-03-05,49991239.27,1.86,37522449.36,SAIN
709,CON_000709,1133,5,26,8,2024-11-23,2025-02-22,220288.45,5.29,147181.71,SAIN
710,CON_000710,1134,5,27,2,2024-09-17,2025-02-16,401857.51,8.34,162414.83,SAIN
711,CON_000711,1138,5,27,14,2024-09-14,2025-08-14,9868125.72,2.16,7196149.57,SAIN
712,CON_000712,1139,5,26,14,2023-01-15,2027-10-13,8648758.06,1.89,5251991.07,SAIN
713,CON_000713,1140,5,27,1,2024-03-24,2025-03-23,657201.12,6.96,168600.5,SAIN
714,CON_000714,1143,5,26,14,2024-11-14,2026-03-15,8899071.97,2.06,8350006.14,SAIN
715,CON_000715,1147,5,26,13,2024-12-16,2025-01-15,17587.52,0.96,17587.52,SAIN
716,CON_000716,1148,5,27,11,2024-11-22,2026-08-22,8562055.66,2.3,8162098.44,SAIN
717,CON_000717,1150,5,27,6,2018-07-06,2028-03-31,2719329.81,3.91,1048132.52,SAIN
718,CON_000718,1150,5,27,12,2024-10-07,2025-03-08,17635150.71,1.55,10594745.89,SAIN
719,CON_000719,1152,5,27,6,2023-02-09,2028-02-07,8804065.27,3.98,5777052.95,SAIN
720,CON_000720,1154,5,27,11,2022-12-10,2025-10-08,8383459.66,1.41,2500564.02,SAIN
721,CON_000721,1154,5,27,7,2024-09-28,2028-03-27,7573957.95,4.37,7070467.8,SAIN
722,CON_000722,1155,5,26,12,2024-05-26,2025-03-26,30424665.86,1.71,9172933.29,SURVEILLANCE
723,CON_000723,1155,5,26,7,2020-01-05,2028-01-31,4299607.83,3.42,1826987.38,SAIN
724,CON_000724,1156,5,27,7,2021-07-08,2028-02-03,4230198.89,3.79,2166352.76,SAIN
725,CON_000725,1157,5,26,9,2024-11-19,2025-01-18,527376.12,5.18,264255.96,SAIN
726,CON_000726,1160,5,27,14,2024-12-09,2025-09-08,12492418.08,1.41,12492418.08,SAIN
727,CON_000727,1164,5,27,10,2024-05-07,2025-03-07,28010467.63,4.36,8510062.03,SAIN
728,CON_000728,1164,5,27,14,2024-09-04,2028-03-03,1443921.84,2.04,1344165.76,SAIN
729,CON_000729,1165,5,26,11,2023-07-26,2025-07-24,3157431.77,1.13,928296.82,SAIN
730,CON_000730,1168,5,27,11,2024-11-09,2026-08-09,572292.67,2.08,545510.0,SAIN
731,CON_000731,1168,5,27,3,2024-11-03,2025-06-03,106086.58,6.95,91192.65,SAIN
732,CON_000732,1172,5,27,4,2023-09-15,2026-06-14,13805741.0,5.3,7778642.81,SURVEILLANCE
733,CON_000733,1176,5,27,1,2024-05-19,2025-03-19,3837596.32,7.38,1176083.66,SAIN
734,CON_000734,1177,5,26,4,2022-08-11,2027-03-10,25772500.33,5.79,13503979.27,SAIN
735,CON_000735,1178,5,27,4,2021-07-28,2028-05-24,9905244.0,5.81,5441407.72,SAIN
736,CON_000736,1181,5,26,11,2022-11-07,2025-09-05,292195.23,1.1,78233.89,SURVEILLANCE
737,CON_000737,1182,5,27,14,2024-09-13,2025-07-14,16361633.93,1.13,11469303.53,SAIN
738,CON_000738,1184,5,27,7,2022-09-23,2030-01-19,682802.27,4.15,494898.89,SAIN
739,CON_000739,1185,5,26,11,2024-05-05,2025-11-03,520678.71,1.13,319240.08,SURVEILLANCE
740,CON_000740,1186,5,27,10,2024-04-14,2025-03-14,22413574.22,4.91,6212971.29,SAIN
741,CON_000741,1187,5,26,6,2022-10-16,2028-01-13,1332555.89,4.21,817979.8,SAIN
742,CON_000742,1187,5,26,10,2024-11-22,2025-02-21,348500.26,4.4,232758.41,SAIN
743,CON_000743,1188,5,27,1,2024-11-05,2025-01-04,57371.21,7.86,28779.24,SAIN
744,CON_000744,1189,5,26,12,2024-10-07,2025-09-06,8895134.42,2.41,7292404.66,SAIN
745,CON_000745,1190,5,27,1,2024-12-13,2025-01-12,4756875.94,5.89,4756875.94,SAIN
746,CON_000746,1193,5,26,1,2024-08-22,2025-07-22,413943.78,6.03,266052.74,SAIN
747,CON_000747,1193,5,26,1,2024-09-16,2025-06-16,147636.93,6.34,99200.5,SAIN
748,CON_000748,1196,5,27,2,2024-09-27,2025-03-28,116620.93,7.22,58835.14,SAIN
749,CON_000749,1196,5,27,13,2024-03-25,2025-03-24,86431.93,1.67,21743.41,SAIN
750,CON_000750,1197,5,26,8,2024-11-24,2025-03-25,1671425.0,4.73,1256031.23,SURVEILLANCE
751,CON_000751,1197,5,26,8,2024-11-23,2025-04-24,2064784.87,5.76,1655773.3,SAIN
752,CON_000752,1199,5,26,6,2017-03-25,2026-08-20,13464935.76,3.53,2719852.09,SURVEILLANCE
753,CON_000753,1201,5,26,5,2021-08-08,2027-02-04,4565465.63,4.84,1944459.3,SAIN
754,CON_000754,1202,5,27,11,2024-02-07,2025-03-08,2685873.16,1.1,622659.4,SAIN
755,CON_000755,1203,5,26,12,2024-11-26,2025-09-26,5978428.53,2.66,5386524.95,SURVEILLANCE
756,CON_000756,1204,5,27,2,2024-12-07,2025-01-06,20400.79,7.45,20400.79,SAIN
757,CON_000757,1206,5,27,2,2024-04-02,2025-03-02,85236.58,7.48,23827.06,SAIN
758,CON_000758,1207,5,26,9,2024-10-08,2025-01-07,116415.62,5.63,38986.98,SAIN
759,CON_000759,1207,5,26,9,2024-10-01,2025-06-01,1001703.85,5.52,754715.22,SAIN
760,CON_000760,1208,5,27,2,2024-06-10,2025-02-08,764911.89,8.4,195248.16,SAIN
761,CON_000761,1209,5,26,13,2024-11-20,2025-07-21,99811.13,1.18,87377.62,SURVEILLANCE
762,CON_000762,1213,5,26,2,2024-12-17,2025-01-16,55970.69,7.56,55970.69,SAIN
763,CON_000763,1217,5,26,12,2024-11-12,2025-01-11,1315225.17,1.67,658069.86,SAIN
764,CON_000764,1220,5,27,6,2023-04-06,2028-03-03,21486265.88,4.04,14674718.15,SAIN
765,CON_000765,1221,5,26,3,2024-07-22,2025-02-19,207343.09,6.86,60087.52,SURVEILLANCE
766,CON_000766,1222,5,27,2,2024-08-20,2025-03-20,1974687.8,8.07,857651.49,SAIN
767,CON_000767,1223,5,26,11,2023-05-02,2024-09-29,756472.28,1.35,0.0,SAIN
768,CON_000768,1224,5,27,7,2018-10-07,2023-12-04,9790388.92,4.7,0.0,SAIN
769,CON_000769,1226,5,27,12,2024-09-06,2025-03-07,445945.57,1.98,223524.2,SAIN
770,CON_000770,1228,5,27,9,2024-10-24,2025-07-24,2631154.06,5.33,2055489.0,SAIN
771,CON_000771,1230,5,27,14,2024-12-16,2025-08-16,6827862.8,1.39,6827862.8,SAIN
772,CON_000772,1231,5,26,11,2024-02-23,2026-07-23,2431322.61,1.82,1604978.24,SAIN
773,CON_000773,1232,5,27,2,2024-11-18,2025-02-17,145157.65,6.07,97015.7,SURVEILLANCE
774,CON_000774,1233,5,26,1,2024-11-16,2025-06-16,349058.2,6.67,300018.1,SAIN
775,CON_000775,1236,5,27,11,2024-02-26,2026-06-26,910001.52,2.43,590901.84,SAIN
776,CON_000776,1238,5,27,12,2024-11-19,2025-04-20,27174086.07,1.87,21756180.99,SAIN
777,CON_000777,1239,5,26,6,2021-09-03,2028-03-01,10631164.57,4.54,5706293.65,SAIN
778,CON_000778,1240,5,27,2,2024-08-16,2025-04-16,97240.86,6.24,49124.75,SAIN
779,CON_000779,1241,5,26,2,2024-05-28,2025-02-25,21111.08,6.88,4785.67,SAIN
780,CON_000780,1241,5,26,2,2024-11-21,2025-05-22,166413.31,6.15,139031.0,SAIN
781,CON_000781,1245,5,26,4,2020-04-11,2026-02-07,47870106.57,6.25,11014636.04,SAIN
782,CON_000782,1247,5,26,1,2024-04-17,2025-02-15,210481.83,7.16,43103.97,SAIN
783,CON_000783,1247,5,26,3,2024-08-24,2025-07-24,259471.38,6.14,166799.14,SAIN
784,CON_000784,1248,5,27,13,2024-11-05,2025-01-04,133466.67,1.59,66777.51,SAIN
785,CON_000785,1256,5,27,8,2024-11-12,2025-01-11,1352352.07,4.77,677517.27,SAIN
786,CON_000786,1257,5,26,7,2024-02-14,2028-12-12,14598237.42,3.72,12264536.48,SAIN
787,CON_000787,1258,5,27,6,2023-03-10,2029-02-04,4361995.33,4.57,3192026.34,SAIN
788,CON_000788,1259,5,26,1,2024-11-16,2025-01-15,131187.57,6.94,65782.91,SAIN
789,CON_000789,1261,5,26,6,2021-08-03,2026-06-01,12916255.16,4.07,4283122.51,SAIN
790,CON_000790,1262,5,27,6,2021-08-20,2029-10-16,9804379.65,3.88,6172850.6,SAIN
791,CON_000791,1262,5,27,4,2024-03-16,2027-11-13,6669814.03,4.93,5401638.22,SAIN
792,CON_000792,1264,5,27,1,2024-12-26,2025-01-25,2350352.71,6.15,2350352.71,SAIN
793,CON_000793,1265,5,26,11,2024-09-18,2025-09-17,9174839.4,1.07,6890320.75,SAIN
794,CON_000794,1268,5,27,2,2024-11-22,2025-04-23,64180.98,8.38,51522.82,SAIN
795,CON_000795,1269,5,26,1,2024-11-24,2025-04-25,273385.2,6.55,219301.8,SAIN
796,CON_000796,1271,5,26,7,2024-10-16,2031-01-13,24481868.94,3.26,23891587.16,SAIN
797,CON_000797,1272,5,27,3,2024-11-05,2025-09-05,114513.35,5.26,103286.08,SURVEILLANCE
798,CON_000798,1273,5,26,1,2024-11-26,2025-02-25,4556304.17,6.89,3046223.09,SAIN
799,CON_000799,1275,5,26,13,2024-09-02,2025-04-02,187121.42,1.64,107145.54,SAIN
800,CON_000800,1279,5,26,6,2019-12-05,2024-08-02,1456398.39,3.6,0.09,SAIN
801,CON_000801,1281,6,30,5,2023-10-06,2029-07-03,12674717.01,4.1,10338459.97,SAIN
802,CON_000802,1285,6,30,7,2022-05-20,2032-05-15,7322800.83,4.61,5740872.35,SAIN
803,CON_000803,1286,6,31,9,2024-07-13,2025-03-13,7112916.75,5.58,2698326.79,SAIN
804,CON_000804,1287,6,30,2,2024-12-01,2024-12-31,441928.19,6.68,441928.19,SAIN
805,CON_000805,1289,6,30,2,2024-08-18,2025-02-16,162818.21,6.06,54820.41,SAIN
806,CON_000806,1292,6,31,2,2023-11-11,2024-05-11,321109.08,8.29,0.0,SAIN
807,CON_000807,1294,6,31,3,2024-12-04,2025-05-05,393540.77,5.95,393540.77,SAIN
808,CON_000808,1295,6,30,6,2023-07-11,2030-03-08,8945203.34,4.02,7239275.22,SAIN
809,CON_000809,1296,6,31,2,2024-07-24,2025-03-24,328495.14,8.36,125328.54,SAIN
810,CON_000810,1299,6,30,11,2024-08-11,2026-01-09,553593.73,2.09,424805.86,SAIN
811,CON_000811,1299,6,30,3,2024-12-22,2025-11-21,534751.92,6.98,534751.92,SAIN
812,CON_000812,1306,6,31,11,2023-12-19,2025-09-17,857633.47,1.94,371122.37,SAIN
813,CON_000813,1308,6,31,1,2024-07-05,2025-03-05,54561.11,7.4,20775.53,SAIN
814,CON_000814,1310,6,31,5,2019-09-28,2026-02-23,10451463.28,5.06,2160444.84,SAIN
815,CON_000815,1310,6,31,5,2022-02-06,2025-11-05,2499271.72,4.11,646896.2,SAIN
816,CON_000816,1312,6,31,5,2023-05-07,2026-06-04,4025573.57,4.1,2021859.74,SAIN
817,CON_000817,1313,6,30,3,2024-07-23,2025-07-22,898446.42,5.55,530129.94,SAIN
818,CON_000818,1314,6,31,1,2024-09-12,2025-01-11,1051545.45,7.51,265351.61,SAIN
819,CON_000819,1315,6,30,8,2024-09-07,2025-03-08,8315562.28,6.03,4189041.35,SAIN
820,CON_000820,1320,6,31,11,2024-04-15,2026-12-13,727618.26,1.62,548647.89,SAIN
821,CON_000821,1321,6,30,7,2018-05-17,2024-08-13,14604679.73,4.11,0.34,SAIN
822,CON_000822,1321,6,30,14,2021-08-05,2025-10-03,5039859.68,1.89,1039944.87,SAIN
823,CON_000823,1323,6,30,1,2024-05-03,2025-01-31,3110430.79,5.98,703282.17,SAIN
824,CON_000824,1325,6,30,13,2024-08-14,2025-02-12,64731.12,1.36,21625.96,SAIN
825,CON_000825,1325,6,30,11,2024-12-27,2025-01-26,17242.09,1.16,17242.09,SAIN
826,CON_000826,1326,6,31,11,2024-10-08,2025-09-07,94038.35,2.47,77098.3,SAIN
827,CON_000827,1331,6,30,1,2024-08-06,2025-03-06,377922.26,7.8,164067.61,SAIN
828,CON_000828,1333,6,30,7,2020-08-25,2028-07-22,30852210.82,3.98,15170417.61,SAIN
829,CON_000829,1334,6,31,13,2024-10-19,2025-03-20,359705.87,0.9,215985.31,SAIN
830,CON_000830,1336,6,31,11,2023-09-01,2025-03-31,998452.41,2.15,213031.7,SAIN
831,CON_000831,1338,6,31,14,2023-12-03,2027-03-02,5666428.97,1.4,3950275.69,SAIN
832,CON_000832,1338,6,31,9,2024-08-24,2025-02-22,1856253.61,5.78,624706.97,SAIN
833,CON_000833,1339,6,30,3,2023-10-10,2024-01-09,280735.67,6.74,0.0,SAIN
834,CON_000834,1340,6,31,1,2023-10-04,2024-09-02,2501670.74,7.63,0.0,SAIN
835,CON_000835,1340,6,31,2,2024-10-24,2025-02-22,1333972.79,7.22,670987.35,SAIN
836,CON_000836,1341,6,30,2,2024-10-07,2025-06-07,358404.72,7.79,270535.3,SAIN
837,CON_000837,1343,6,30,7,2024-04-17,2028-03-15,14412342.86,3.76,12106376.4,SAIN
838,CON_000838,1343,6,30,14,2023-12-14,2026-11-12,1691683.89,2.0,1122750.93,SAIN
839,CON_000839,1345,6,30,2,2024-09-12,2025-04-12,865654.44,6.63,498744.02,SURVEILLANCE
840,CON_000840,1346,6,31,2,2024-09-03,2025-01-02,21834.31,6.47,5502.69,SAIN
841,CON_000841,1346,6,31,11,2023-12-19,2026-02-16,19453.62,2.42,10601.52,SAIN
842,CON_000842,1351,6,30,10,2024-10-03,2025-06-03,3244800.31,5.25,2444192.89,SAIN
843,CON_000843,1352,6,31,1,2024-12-12,2025-05-13,251979.6,7.69,251979.6,SAIN
844,CON_000844,1354,6,31,1,2024-12-13,2025-03-14,130124.31,7.79,130124.31,SAIN
845,CON_000845,1357,6,30,8,2024-11-08,2025-01-07,2012809.24,4.54,1818000.46,NPL
846,CON_000846,1358,6,31,4,2022-09-20,2027-05-19,20917219.06,5.97,11555478.91,SAIN
847,CON_000847,1360,6,31,3,2024-12-01,2025-03-02,107134.9,5.54,107134.9,SAIN
848,CON_000848,1362,6,31,11,2024-11-24,2026-07-25,866224.64,1.31,823360.87,SAIN
849,CON_000849,1364,6,31,2,2024-12-27,2025-01-26,103146.66,7.35,103146.66,SAIN
850,CON_000850,1369,6,30,12,2024-10-03,2025-09-02,13125587.13,1.64,10753760.11,SAIN
851,CON_000851,1371,6,30,7,2024-02-06,2031-08-04,15705042.35,4.17,14192199.95,SURVEILLANCE
852,CON_000852,1372,6,31,7,2023-05-02,2032-06-27,7973612.89,3.35,6765023.06,SAIN
853,CON_000853,1372,6,31,11,2024-04-23,2025-10-22,9879012.89,1.34,5512832.12,SAIN
854,CON_000854,1373,6,30,14,2024-10-15,2026-08-14,11107609.42,1.83,10113143.75,SAIN
855,CON_000855,1374,6,31,2,2024-12-23,2025-01-22,70896.8,7.39,70896.8,SAIN
856,CON_000856,1375,6,30,13,2024-08-17,2025-01-16,691270.59,1.4,138576.72,SAIN
857,CON_000857,1379,6,30,13,2024-06-14,2025-02-12,447300.08,1.49,112241.67,SAIN
858,CON_000858,1381,6,30,4,2024-06-22,2026-11-20,10576760.65,5.27,8497348.42,SAIN
859,CON_000859,1381,6,30,11,2024-11-25,2025-01-24,6196128.92,1.84,3100437.82,SAIN
860,CON_000860,1383,6,30,6,2020-05-29,2028-03-25,14667609.51,4.11,6661704.75,SAIN
861,CON_000861,1384,6,31,1,2024-08-12,2025-08-11,4785248.2,7.27,3228544.13,SAIN
862,CON_000862,1387,6,30,14,2024-03-07,2028-02-03,14595960.86,1.44,11864305.0,SAIN
863,CON_000863,1390,6,31,11,2024-11-23,2025-01-22,32448.34,2.16,16238.76,SAIN
864,CON_000864,1391,6,30,4,2024-03-07,2025-03-06,33480169.64,6.22,8565764.35,SAIN
865,CON_000865,1391,6,30,1,2024-11-14,2025-01-13,831819.38,6.94,417108.9,SAIN
866,CON_000866,1393,6,30,3,2024-10-21,2025-05-21,466011.01,5.94,334504.52,SAIN
867,CON_000867,1395,6,30,3,2024-07-02,2025-05-02,441970.54,7.12,224253.29,SAIN
868,CON_000868,1397,6,30,11,2024-10-14,2026-03-14,728545.12,2.42,644123.35,SAIN
869,CON_000869,1401,6,30,13,2024-07-19,2025-02-16,278302.39,0.99,79678.98,SAIN
870,CON_000870,1403,6,30,11,2023-10-28,2026-07-27,895640.32,1.85,521224.94,SAIN
871,CON_000871,1404,6,31,10,2024-10-02,2025-06-02,75216360.6,4.05,56601912.21,SAIN
872,CON_000872,1406,6,31,2,2024-06-27,2025-05-27,75514.64,6.61,34890.98,SAIN
873,CON_000873,1407,6,30,11,2023-12-07,2026-10-05,3186389.15,1.75,2079764.05,SAIN
874,CON_000874,1408,6,31,3,2024-11-07,2025-04-08,238857.35,5.22,191499.69,SAIN
875,CON_000875,1410,6,31,12,2024-06-27,2025-04-27,4276172.56,1.97,1718890.75,SAIN
876,CON_000876,1411,6,30,2,2024-06-02,2025-03-02,456754.68,7.05,154934.84,SAIN
877,CON_000877,1416,6,31,14,2024-03-07,2029-02-02,6229360.11,1.68,5312033.8,SAIN
878,CON_000878,1416,6,31,6,2020-11-25,2030-10-21,6235519.53,4.27,3982060.19,SAIN
879,CON_000879,1420,6,31,5,2024-02-18,2028-10-16,2585977.29,4.18,2160340.78,SURVEILLANCE
880,CON_000880,1421,6,30,14,2023-01-16,2026-01-14,10211627.88,1.53,3741678.91,SAIN
881,CON_000881,1425,6,30,14,2024-10-11,2025-06-11,17497710.42,1.19,13136281.68,SAIN
882,CON_000882,1426,6,31,4,2023-02-16,2026-08-15,34010820.13,5.34,16987244.25,SAIN
883,CON_000883,1428,6,31,12,2024-03-10,2024-06-09,16611089.7,2.82,0.01,SAIN
884,CON_000884,1429,6,30,3,2024-09-26,2025-05-27,199480.65,5.44,125519.99,SAIN
885,CON_000885,1432,6,31,2,2024-09-27,2025-09-26,377787.02,7.51,285975.06,SAIN
886,CON_000886,1432,6,31,1,2024-12-18,2025-02-16,128259.5,6.58,128259.5,SAIN
887,CON_000887,1433,6,30,6,2020-11-23,2028-04-20,7669458.82,4.05,3732395.5,SAIN
888,CON_000888,1435,6,30,2,2024-04-17,2025-02-15,462212.02,7.76,94841.11,SURVEILLANCE
889,CON_000889,1438,6,31,2,2024-12-25,2025-09-24,586522.12,7.56,586522.12,SAIN
890,CON_000890,1439,6,30,7,2021-09-18,2028-04-15,10975776.81,4.69,7014184.16,NPL
891,CON_000891,1440,6,31,6,2024-05-06,2028-11-02,7227815.29,4.5,6371203.38,SAIN
892,CON_000892,1441,6,30,14,2024-10-16,2026-08-15,7246952.74,1.22,6594812.95,SAIN
893,CON_000893,1441,6,30,10,2024-08-06,2025-02-04,5984194.39,5.12,2011740.86,SAIN
894,CON_000894,1442,6,31,2,2023-02-23,2023-12-24,326933.68,8.38,0.03,SAIN
895,CON_000895,1442,6,31,14,2024-06-13,2026-02-11,1599635.04,1.0,1122539.59,SAIN
896,CON_000896,1444,6,31,13,2024-10-18,2025-04-18,281828.92,0.88,188023.65,SAIN
897,CON_000897,1446,6,31,1,2024-11-14,2025-03-15,1768424.18,6.01,1329625.63,SAIN
898,CON_000898,1449,6,30,11,2024-06-23,2027-05-23,9512716.39,1.15,7904531.31,SAIN
899,CON_000899,1449,6,30,2,2024-11-18,2025-03-19,312563.09,6.92,235095.0,SAIN
900,CON_000900,1450,6,31,2,2024-11-06,2025-04-07,179748.53,7.7,173572.98,NPL
901,CON_000901,1453,6,30,3,2024-05-08,2025-02-05,186654.58,5.53,42148.8,SAIN
902,CON_000902,1454,6,31,11,2024-11-07,2025-10-07,746777.59,1.23,679235.94,SAIN
903,CON_000903,1455,6,30,6,2024-03-28,2032-06-23,4578671.6,3.64,4216809.55,SAIN
904,CON_000904,1457,6,30,1,2024-10-17,2025-05-17,277767.96,6.58,199487.64,SAIN
905,CON_000905,1458,6,31,1,2024-11-06,2025-08-06,3196521.81,7.78,2850464.24,SURVEILLANCE
906,CON_000906,1459,6,30,10,2024-10-22,2025-05-22,1077520.44,5.96,773461.1,SAIN
907,CON_000907,1460,6,31,11,2024-11-21,2025-01-20,231694.33,1.92,115939.77,SAIN
908,CON_000908,1463,6,30,2,2024-12-28,2025-01-27,621676.65,7.36,621676.65,SAIN
909,CON_000909,1465,6,30,3,2024-11-19,2025-02-18,118750.93,5.68,79354.06,SAIN
910,CON_000910,1468,6,31,2,2024-07-06,2025-06-05,1851509.35,7.89,1026440.47,SAIN
911,CON_000911,1469,6,30,1,2024-07-07,2025-02-04,462035.05,6.85,133893.85,SAIN
912,CON_000912,1470,6,31,14,2023-08-18,2025-10-16,7168793.34,1.08,2777088.96,SAIN
913,CON_000913,1472,6,31,2,2024-11-17,2025-08-17,296579.99,6.18,264299.69,SURVEILLANCE
914,CON_000914,1475,6,30,11,2024-08-08,2026-12-07,174582.11,2.28,150206.29,SAIN
915,CON_000915,1477,6,30,3,2024-08-25,2025-02-23,101468.1,6.72,34201.17,SAIN
916,CON_000916,1477,6,30,13,2024-06-10,2025-01-08,815942.98,1.09,116881.02,SAIN
917,CON_000917,1481,6,30,7,2023-11-12,2029-07-10,3552057.25,3.48,3110362.78,NPL
918,CON_000918,1483,6,30,2,2024-10-11,2025-03-12,1122117.73,8.07,677778.09,SAIN
919,CON_000919,1484,6,31,12,2023-10-04,2024-07-03,42754298.82,2.0,0.0,SAIN
920,CON_000920,1485,6,30,9,2024-10-23,2025-01-22,1144854.78,5.31,383304.43,SAIN
921,CON_000921,1488,6,31,14,2024-08-23,2025-02-21,485057.01,1.43,162070.95,SAIN
922,CON_000922,1489,6,30,7,2021-05-15,2026-07-12,19415081.85,4.08,6389522.07,SAIN
923,CON_000923,1490,6,31,6,2021-08-17,2029-08-13,4318089.65,4.34,2698570.14,SAIN
924,CON_000924,1491,6,30,4,2015-04-19,2024-09-13,26720572.49,5.75,0.58,SAIN
925,CON_000925,1492,6,31,11,2024-09-10,2026-07-10,488319.68,1.2,422361.22,SAIN
926,CON_000926,1493,6,30,11,2024-02-18,2025-03-19,406379.01,1.69,94440.77,SAIN
927,CON_000927,1494,6,31,3,2024-12-07,2025-05-08,223255.45,6.29,223255.45,SAIN
928,CON_000928,1495,6,30,11,2024-10-27,2025-01-26,80276.06,1.52,26792.57,SAIN
929,CON_000929,1496,6,31,2,2024-12-11,2025-02-09,522838.53,7.22,522838.53,SAIN
930,CON_000930,1496,6,31,14,2023-09-19,2026-10-17,3065492.85,1.54,1840230.95,SAIN
931,CON_000931,1499,6,30,8,2024-10-02,2025-01-01,2423010.38,5.04,811057.6,SAIN
932,CON_000932,1500,6,31,2,2024-11-24,2025-06-24,172413.22,7.45,148237.72,SAIN
933,CON_000933,1501,7,34,3,2024-07-06,2025-04-05,586392.73,5.54,263622.26,SAIN
934,CON_000934,1502,7,35,9,2024-11-13,2025-07-14,12047960.86,5.18,10564571.82,SAIN
935,CON_000935,1503,7,34,3,2024-10-23,2025-02-21,107526.81,7.15,54082.79,SAIN
936,CON_000936,1506,7,35,2,2024-10-06,2025-07-06,835276.91,6.36,653078.68,SAIN
937,CON_000937,1509,7,34,4,2024-11-17,2028-08-16,28914857.21,4.63,28325237.35,SURVEILLANCE
938,CON_000938,1509,7,34,12,2024-12-26,2025-09-25,38930421.98,1.79,38930421.98,SAIN
939,CON_000939,1510,7,35,4,2023-10-04,2026-01-01,26527653.66,5.31,13167505.37,SAIN
940,CON_000940,1510,7,35,14,2023-08-01,2025-05-30,5142616.9,2.02,1421455.97,SAIN
941,CON_000941,1511,7,34,3,2024-05-10,2025-02-07,50310.71,7.15,11413.73,SAIN
942,CON_000942,1516,7,35,13,2024-08-09,2025-07-09,899391.8,1.17,573455.21,SAIN
943,CON_000943,1520,7,35,2,2024-06-11,2025-05-11,1841006.93,6.49,850373.34,SAIN
944,CON_000944,1520,7,35,7,2023-01-24,2031-06-21,13569371.65,4.01,10868430.14,SAIN
945,CON_000945,1521,7,34,1,2024-03-19,2025-03-18,1646941.81,7.36,423132.94,SAIN
946,CON_000946,1524,7,35,14,2024-05-09,2026-12-07,80236.09,1.57,62401.44,SAIN
947,CON_000947,1525,7,34,1,2024-12-15,2025-01-14,60643.65,5.75,60643.65,SAIN
948,CON_000948,1526,7,35,1,2024-10-15,2025-06-15,74835.2,6.62,56434.04,SAIN
949,CON_000949,1527,7,34,1,2024-09-24,2025-04-24,308595.72,5.95,177647.6,SAIN
950,CON_000950,1527,7,34,2,2024-08-28,2025-05-28,252787.72,8.27,142364.31,SAIN
951,CON_000951,1528,7,35,6,2023-09-11,2029-12-08,7773953.2,4.46,6387216.67,SAIN
952,CON_000952,1529,7,34,4,2021-11-06,2026-05-05,6336271.44,5.27,2158658.69,SAIN
953,CON_000953,1529,7,34,8,2024-11-02,2025-04-03,340239.28,4.75,272728.01,SAIN
954,CON_000954,1530,7,35,12,2024-04-22,2025-02-20,43548843.46,1.64,8757414.45,SAIN
955,CON_000955,1532,7,35,6,2020-07-21,2026-07-18,19851532.82,4.6,5780576.73,SAIN
956,CON_000956,1534,7,35,5,2024-01-22,2029-09-19,2583301.43,5.12,2214421.54,SAIN
957,CON_000957,1536,7,35,1,2024-11-18,2025-05-19,2292765.88,6.06,1915434.25,SAIN
958,CON_000958,1536,7,35,6,2019-12-24,2026-06-21,25048685.02,3.67,6320873.48,SAIN
959,CON_000959,1538,7,35,4,2019-12-10,2027-07-07,14199366.82,5.3,5488300.86,SAIN
960,CON_000960,1538,7,35,5,2024-04-14,2028-01-12,13932955.62,5.26,11652080.92,SAIN
961,CON_000961,1539,7,34,2,2024-09-12,2025-04-12,49991.93,6.09,28783.56,SAIN
962,CON_000962,1540,7,35,11,2023-01-09,2025-06-08,4608464.56,2.3,974584.54,SAIN
963,CON_000963,1542,7,35,6,2021-09-16,2027-05-15,24313423.75,4.47,11124408.35,SAIN
964,CON_000964,1543,7,34,7,2021-11-14,2025-10-12,16170087.79,3.14,3608692.92,SAIN
965,CON_000965,1543,7,34,14,2024-10-24,2026-01-23,2593752.91,1.31,2250366.91,SURVEILLANCE
966,CON_000966,1544,7,35,1,2024-11-27,2025-02-26,2935151.31,7.04,1962485.0,SAIN
967,CON_000967,1546,7,35,3,2024-09-26,2025-08-26,449834.08,6.62,329839.26,SAIN
968,CON_000968,1548,7,35,4,2024-04-20,2025-05-20,36418627.04,4.54,14219128.73,SAIN
969,CON_000969,1548,7,35,12,2024-05-01,2025-01-29,2137935.13,1.52,477203.84,SAIN
970,CON_000970,1553,7,34,14,2023-11-19,2025-07-19,5152050.65,1.86,1821398.81,SAIN
971,CON_000971,1553,7,34,2,2024-10-05,2025-02-03,1999307.08,7.75,1006088.78,SAIN
972,CON_000972,1555,7,34,9,2024-10-12,2025-05-12,6039070.52,4.46,4329594.5,SAIN
973,CON_000973,1556,7,35,11,2023-10-24,2025-04-23,625675.08,2.18,140810.68,SAIN
974,CON_000974,1558,7,35,2,2024-12-22,2025-01-21,25142.19,8.11,25142.19,SAIN
975,CON_000975,1558,7,35,11,2024-11-04,2025-07-05,251456.93,1.74,245494.03,NPL
976,CON_000976,1561,7,34,11,2022-04-05,2024-06-03,2914110.35,1.41,0.1,SAIN
977,CON_000977,1561,7,34,4,2018-12-27,2028-02-22,1993464.47,5.44,803120.0,SAIN
978,CON_000978,1562,7,35,2,2024-12-09,2025-04-09,1345612.51,8.04,1345612.51,SAIN
979,CON_000979,1564,7,35,3,2023-10-12,2024-09-10,166673.78,7.21,0.0,SAIN
980,CON_000980,1568,7,35,10,2024-08-13,2025-02-11,56546929.29,4.25,18982410.1,SAIN
981,CON_000981,1569,7,34,13,2024-07-18,2025-02-15,812132.98,1.32,232676.11,SURVEILLANCE
982,CON_000982,1570,7,35,6,2024-06-11,2028-09-08,8220138.34,4.41,7330955.83,SAIN
983,CON_000983,1573,7,34,4,2022-09-05,2029-01-31,364443.96,5.49,250946.36,SAIN
984,CON_000984,1573,7,34,1,2024-10-12,2025-01-11,3590756.6,6.93,1203817.78,SAIN
985,CON_000985,1576,7,35,1,2024-12-14,2025-01-13,3727771.71,6.1,3727771.71,SAIN
986,CON_000986,1581,7,34,12,2024-06-03,2024-11-02,12615464.74,1.7,0.02,SAIN
987,CON_000987,1584,7,35,10,2024-10-26,2025-01-25,18861323.88,5.28,6314730.66,SAIN
988,CON_000988,1585,7,34,3,2024-10-05,2025-03-06,102008.66,5.56,61487.9,SAIN
989,CON_000989,1585,7,34,11,2023-06-02,2025-12-30,456501.94,1.68,193849.35,SAIN
990,CON_000990,1586,7,35,6,2021-06-08,2026-05-06,3250416.73,3.92,1001534.4,SAIN
991,CON_000991,1587,7,34,13,2024-12-24,2025-08-24,546599.86,1.16,546599.86,SAIN
992,CON_000992,1588,7,35,12,2024-05-10,2025-05-09,10397142.27,1.87,4355764.57,SAIN
993,CON_000993,1588,7,35,1,2024-09-11,2025-04-11,2902329.99,7.57,1674101.28,SAIN
994,CON_000994,1589,7,34,7,2023-12-10,2030-03-08,6405883.97,4.28,5492325.39,SAIN
995,CON_000995,1592,7,35,14,2024-11-08,2028-05-07,10359773.38,1.86,10120862.78,SAIN
996,CON_000996,1593,7,34,11,2024-08-08,2025-05-08,7045588.65,2.07,3927704.39,SAIN
997,CON_000997,1594,7,35,11,2024-05-26,2025-07-25,237274.13,1.21,119055.56,SAIN
998,CON_000998,1595,7,34,13,2024-10-21,2025-08-21,237912.6,1.48,190564.39,SAIN
999,CON_000999,1597,7,34,1,2024-12-14,2025-01-13,99813.89,6.14,99813.89,SAIN
1000,CON_001000,1598,7,35,7,2019-10-02,2027-11-28,5188763.87,3.46,2078058.74,SAIN
1001,CON_001001,1602,7,35,1,2024-07-06,2025-07-05,1362586.99,6.79,806032.29,SAIN
1002,CON_001002,1607,7,34,6,2021-08-12,2031-08-08,4291005.08,4.27,3058424.01,SAIN
1003,CON_001003,1609,7,34,2,2024-11-14,2025-10-14,144665.55,6.51,131867.01,SAIN
1004,CON_001004,1612,7,35,14,2021-11-11,2026-07-10,12320671.84,2.0,4309633.42,SAIN
1005,CON_001005,1613,7,34,13,2024-08-22,2025-04-22,374558.93,1.36,187703.74,SAIN
1006,CON_001006,1614,7,35,1,2024-04-23,2025-03-23,693638.15,6.7,193406.45,SAIN
1007,CON_001007,1617,7,34,14,2024-11-14,2025-10-14,4216704.49,1.2,3835280.57,SAIN
1008,CON_001008,1618,7,35,1,2024-11-12,2025-03-13,810515.26,6.47,609517.86,SAIN
1009,CON_001009,1618,7,35,7,2019-07-13,2028-03-08,6959594.53,3.68,2872488.07,SAIN
1010,CON_001010,1620,7,35,12,2024-11-22,2025-09-22,4498146.03,2.08,4051828.84,SAIN
