id_garantie,numero_garantie,id_contrat,type_garantie,valeur,date_affectation
1,GAR_000001,1,Garantie sur matériel,5792210.57,2022-02-05
2,GAR_000002,1,Garantie sur matériel,4965903.81,2022-02-03
3,GAR_000003,2,Hypothèque,971105.6,2021-03-07
4,GAR_000004,3,Caution personnelle,86564.24,2024-11-20
5,GAR_000005,4,Caution bancaire,834628.86,2024-12-01
6,GAR_000006,4,Caution bancaire,896106.91,2024-11-28
7,GAR_000007,5,Nantissement,17046677.19,2024-06-24
8,GAR_000008,6,Nantissement,1769096.0,2024-12-19
9,GAR_000009,7,Caution personnelle,100111.35,2024-12-12
10,GAR_000010,8,Caution personnelle,126030.95,2022-11-27
11,GAR_000011,9,Caution personnelle,780933.91,2024-05-25
12,GAR_000012,10,Garantie sur matériel,8906161.89,2020-06-29
13,GAR_000013,11,Garantie sur matériel,198611.13,2024-09-13
14,GAR_000014,11,Caution bancaire,226772.75,2024-09-13
15,GAR_000015,13,Hypothèque,13953356.83,2016-08-05
16,GAR_000016,14,Caution personnelle,71244.29,2024-07-16
17,GAR_000017,15,Caution personnelle,83279.92,2024-07-07
18,GAR_000018,16,Caution personnelle,105749.61,2024-06-19
19,GAR_000019,17,Garantie de l'État,21722136.47,2024-11-06
20,GAR_000020,17,Garantie sur créances,15862926.94,2024-11-07
21,GAR_000021,18,Garantie sur fonds de commerce,5222821.53,2024-11-15
22,GAR_000022,20,Nantissement,38123472.15,2024-10-29
23,GAR_000023,21,Aval,2599484.46,2023-01-30
24,GAR_000024,21,Hypothèque,3912468.56,2023-01-25
25,GAR_000025,21,Garantie sur fonds de commerce,3871008.89,2023-01-30
26,GAR_000026,22,Garantie de l'État,1231014.64,2024-06-19
27,GAR_000027,22,Garantie sur créances,1105930.37,2024-06-24
28,GAR_000028,22,Garantie de l'État,1220375.2,2024-06-20
29,GAR_000029,23,Hypothèque,9315186.29,2024-10-08
30,GAR_000030,26,Garantie sur matériel,2439518.78,2024-10-18
31,GAR_000031,27,Caution bancaire,6688509.47,2022-02-28
32,GAR_000032,28,Garantie Tamwilcom,281522.65,2024-07-09
33,GAR_000033,29,Garantie sur matériel,2814000.26,2019-03-26
34,GAR_000034,30,Garantie Tamwilcom,1379613.64,2023-08-05
35,GAR_000035,31,Nantissement,15130092.97,2022-05-29
36,GAR_000036,32,Caution bancaire,7787593.42,2023-02-26
37,GAR_000037,33,Garantie Tamwilcom,668522.91,2024-09-05
38,GAR_000038,34,Garantie sur créances,24289078.01,2024-04-10
39,GAR_000039,38,Nantissement,2615920.77,2024-12-04
40,GAR_000040,38,Garantie sur créances,1786506.93,2024-12-02
41,GAR_000041,39,Nantissement,409627.22,2024-10-18
42,GAR_000042,40,Nantissement,1390469.51,2024-10-02
43,GAR_000043,41,Hypothèque,3368073.62,2024-09-29
44,GAR_000044,41,Garantie Tamwilcom,2806942.11,2024-09-24
45,GAR_000045,42,Garantie sur matériel,1664720.88,2024-10-18
46,GAR_000046,43,Garantie sur fonds de commerce,7290952.0,2021-09-16
47,GAR_000047,43,Garantie de l'État,4951739.88,2021-09-11
48,GAR_000048,43,Aval,3899379.86,2021-09-16
49,GAR_000049,45,Garantie Tamwilcom,802995.27,2024-11-29
50,GAR_000050,46,Hypothèque,836319.43,2024-12-28
51,GAR_000051,48,Caution personnelle,167982.42,2024-09-14
52,GAR_000052,49,Garantie sur matériel,4350205.51,2023-05-21
53,GAR_000053,50,Garantie sur matériel,4794844.22,2024-07-23
54,GAR_000054,51,Garantie sur matériel,3865847.85,2024-04-25
55,GAR_000055,53,Hypothèque,24630251.66,2021-03-20
56,GAR_000056,54,Garantie Tamwilcom,87935.1,2024-11-22
57,GAR_000057,55,Nantissement,14426943.36,2021-05-07
58,GAR_000058,56,Caution bancaire,3328534.56,2023-03-14
59,GAR_000059,57,Garantie Tamwilcom,114694.03,2024-12-18
60,GAR_000060,58,Garantie Tamwilcom,4160863.7,2023-12-24
61,GAR_000061,58,Caution bancaire,3861508.51,2023-12-25
62,GAR_000062,59,Hypothèque,8132560.21,2024-08-01
63,GAR_000063,64,Hypothèque,18338723.33,2023-02-13
64,GAR_000064,65,Garantie Tamwilcom,177418.92,2024-11-25
65,GAR_000065,66,Garantie Tamwilcom,59238.39,2024-09-13
66,GAR_000066,68,Garantie Tamwilcom,295684.35,2024-08-04
67,GAR_000067,70,Garantie sur créances,24033530.8,2019-06-22
68,GAR_000068,71,Caution personnelle,92647.88,2024-08-26
69,GAR_000069,73,Caution personnelle,561156.35,2024-10-25
70,GAR_000070,75,Nantissement,11595037.21,2024-10-18
71,GAR_000071,76,Nantissement,17371730.42,2019-11-07
72,GAR_000072,77,Garantie sur matériel,486761.91,2018-02-15
73,GAR_000073,78,Garantie Tamwilcom,80342.22,2024-11-04
74,GAR_000074,80,Hypothèque,5740538.99,2023-09-23
75,GAR_000075,80,Nantissement,5229049.29,2023-09-22
76,GAR_000076,82,Nantissement,929480.27,2024-03-13
77,GAR_000077,83,Garantie Tamwilcom,140244.65,2024-04-18
78,GAR_000078,84,Garantie Tamwilcom,130892.11,2024-11-19
79,GAR_000079,85,Garantie Tamwilcom,1467537.86,2023-07-30
80,GAR_000080,85,Caution bancaire,1422398.48,2023-07-31
81,GAR_000081,86,Garantie Tamwilcom,10035952.36,2023-07-15
82,GAR_000082,87,Garantie Tamwilcom,899213.93,2018-02-28
83,GAR_000083,87,Garantie Tamwilcom,787581.82,2018-03-07
84,GAR_000084,89,Garantie Tamwilcom,82160.63,2024-12-17
85,GAR_000085,90,Garantie Tamwilcom,207399.25,2024-10-16
86,GAR_000086,91,Nantissement,6402689.16,2024-07-12
87,GAR_000087,91,Garantie Tamwilcom,4233985.26,2024-07-12
88,GAR_000088,93,Garantie sur créances,823020.91,2024-08-09
89,GAR_000089,93,Garantie de l'État,1058125.65,2024-08-06
90,GAR_000090,93,Aval,908064.04,2024-08-12
91,GAR_000091,94,Garantie sur matériel,8668036.96,2022-08-08
92,GAR_000092,95,Caution personnelle,574833.06,2024-10-24
93,GAR_000093,96,Garantie Tamwilcom,687770.8,2024-04-28
94,GAR_000094,97,Caution bancaire,890740.59,2024-08-25
95,GAR_000095,98,Caution personnelle,66651.0,2024-09-16
96,GAR_000096,100,Garantie Tamwilcom,1768243.32,2022-02-20
97,GAR_000097,101,Garantie de l'État,15294543.21,2024-11-30
98,GAR_000098,101,Hypothèque,20592797.76,2024-11-28
99,GAR_000099,102,Garantie Tamwilcom,2292842.24,2021-05-13
100,GAR_000100,103,Nantissement,28359391.09,2024-03-12
101,GAR_000101,104,Caution personnelle,207238.58,2023-10-16
102,GAR_000102,105,Garantie Tamwilcom,273495.33,2025-01-02
103,GAR_000103,107,Caution bancaire,5297306.51,2024-03-24
104,GAR_000104,107,Nantissement,7500818.57,2024-03-19
105,GAR_000105,108,Garantie sur matériel,4226416.24,2024-10-15
106,GAR_000106,111,Nantissement,3936602.99,2022-05-26
107,GAR_000107,114,Nantissement,3196553.68,2023-01-07
108,GAR_000108,114,Garantie sur matériel,2039070.48,2023-01-10
109,GAR_000109,116,Garantie Tamwilcom,724114.34,2024-11-19
110,GAR_000110,117,Garantie Tamwilcom,188454.9,2023-02-21
111,GAR_000111,119,Garantie Tamwilcom,69144.73,2024-08-13
112,GAR_000112,121,Garantie Tamwilcom,49647.47,2024-12-07
113,GAR_000113,122,Garantie Tamwilcom,374741.31,2023-01-21
114,GAR_000114,124,Hypothèque,497049.3,2024-07-09
115,GAR_000115,125,Garantie Tamwilcom,523921.24,2024-07-28
116,GAR_000116,126,Nantissement,8031187.39,2024-11-17
117,GAR_000117,127,Hypothèque,10622803.03,2024-12-04
118,GAR_000118,127,Aval,6355700.01,2024-12-05
119,GAR_000119,127,Nantissement,11055617.67,2024-12-05
120,GAR_000120,128,Caution bancaire,6279001.84,2023-07-24
121,GAR_000121,129,Garantie Tamwilcom,281306.84,2024-08-09
122,GAR_000122,130,Caution personnelle,27451.95,2024-12-27
123,GAR_000123,131,Aval,16649581.47,2021-05-07
124,GAR_000124,133,Caution personnelle,135460.15,2024-07-01
125,GAR_000125,134,Garantie Tamwilcom,920966.97,2024-11-30
126,GAR_000126,135,Caution bancaire,623284.54,2024-06-13
127,GAR_000127,135,Garantie sur matériel,522901.33,2024-06-14
128,GAR_000128,136,Aval,23823150.2,2019-10-19
129,GAR_000129,137,Nantissement,14106695.27,2024-11-10
130,GAR_000130,138,Hypothèque,1161806.59,2024-06-18
131,GAR_000131,138,Garantie sur matériel,885078.93,2024-06-18
132,GAR_000132,140,Garantie Tamwilcom,9852862.5,2020-12-21
133,GAR_000133,141,Caution personnelle,218311.25,2024-10-20
134,GAR_000134,143,Garantie Tamwilcom,282540.36,2023-08-08
135,GAR_000135,144,Caution personnelle,32805.52,2024-12-16
136,GAR_000136,145,Caution bancaire,6147150.0,2023-12-15
137,GAR_000137,146,Garantie Tamwilcom,8635688.07,2024-08-17
138,GAR_000138,147,Nantissement,1796846.78,2024-12-22
139,GAR_000139,150,Hypothèque,6935204.28,2024-11-22
140,GAR_000140,152,Garantie sur matériel,10583972.86,2021-05-17
141,GAR_000141,154,Garantie Tamwilcom,497570.51,2024-05-17
142,GAR_000142,155,Garantie Tamwilcom,355983.57,2024-09-26
143,GAR_000143,157,Garantie Tamwilcom,72284.71,2024-12-16
144,GAR_000144,158,Nantissement,10083458.43,2022-07-13
145,GAR_000145,159,Garantie de l'État,994013.75,2019-01-16
146,GAR_000146,159,Garantie de l'État,1057346.86,2019-01-19
147,GAR_000147,162,Garantie de l'État,2812256.78,2022-01-25
148,GAR_000148,163,Aval,7203376.94,2022-02-23
149,GAR_000149,163,Garantie sur créances,5726313.03,2022-03-02
150,GAR_000150,163,Garantie sur fonds de commerce,8863903.4,2022-02-25
151,GAR_000151,164,Garantie sur matériel,393534.59,2024-10-24
152,GAR_000152,164,Hypothèque,712595.16,2024-10-24
153,GAR_000153,166,Aval,1185183.01,2024-11-23
154,GAR_000154,166,Hypothèque,1323325.43,2024-11-27
155,GAR_000155,166,Aval,921208.85,2024-11-28
156,GAR_000156,168,Caution bancaire,1092364.29,2024-11-13
157,GAR_000157,169,Garantie sur fonds de commerce,2890408.74,2020-09-10
158,GAR_000158,169,Hypothèque,2964148.23,2020-09-14
159,GAR_000159,170,Hypothèque,4368596.43,2024-11-26
160,GAR_000160,172,Hypothèque,1623521.53,2023-11-16
161,GAR_000161,172,Hypothèque,1722790.31,2023-11-16
162,GAR_000162,173,Caution personnelle,220817.88,2024-07-02
163,GAR_000163,174,Garantie Tamwilcom,46697.97,2024-12-18
164,GAR_000164,177,Garantie de l'État,1438967.62,2018-02-15
165,GAR_000165,177,Garantie sur créances,1098866.23,2018-02-14
166,GAR_000166,177,Aval,1428485.26,2018-02-19
167,GAR_000167,178,Garantie de l'État,890485.03,2017-02-26
168,GAR_000168,179,Garantie Tamwilcom,3483849.21,2023-06-23
169,GAR_000169,180,Garantie Tamwilcom,1522260.45,2024-06-01
170,GAR_000170,181,Garantie Tamwilcom,643238.27,2024-09-22
171,GAR_000171,182,Caution personnelle,517008.57,2024-12-09
172,GAR_000172,183,Caution personnelle,103187.78,2024-06-10
173,GAR_000173,184,Garantie Tamwilcom,833402.34,2024-08-20
174,GAR_000174,186,Garantie Tamwilcom,192767.02,2024-09-17
175,GAR_000175,189,Caution personnelle,132587.94,2024-11-09
176,GAR_000176,191,Garantie sur matériel,3428738.43,2024-07-29
177,GAR_000177,192,Garantie sur matériel,398234.07,2024-10-04
178,GAR_000178,193,Hypothèque,15265038.62,2024-12-06
179,GAR_000179,194,Hypothèque,4080864.48,2024-08-04
180,GAR_000180,194,Nantissement,3510762.95,2024-08-08
181,GAR_000181,195,Garantie sur créances,9967965.34,2024-06-22
182,GAR_000182,197,Nantissement,13956836.74,2024-11-20
183,GAR_000183,198,Garantie sur matériel,6033748.89,2023-08-25
184,GAR_000184,199,Garantie sur créances,12976579.99,2023-04-07
185,GAR_000185,199,Hypothèque,18645999.23,2023-04-11
186,GAR_000186,199,Nantissement,19043123.96,2023-04-04
187,GAR_000187,200,Caution personnelle,681393.46,2024-06-13
188,GAR_000188,201,Garantie Tamwilcom,206424.11,2024-12-10
189,GAR_000189,202,Garantie sur créances,18484483.45,2021-01-25
190,GAR_000190,202,Hypothèque,29685074.68,2021-01-20
191,GAR_000191,203,Caution personnelle,505742.15,2024-09-28
192,GAR_000192,204,Garantie sur matériel,2553708.71,2024-10-19
193,GAR_000193,204,Hypothèque,5013737.35,2024-10-17
194,GAR_000194,205,Garantie Tamwilcom,14517851.7,2023-05-13
195,GAR_000195,208,Caution personnelle,231624.51,2024-12-03
196,GAR_000196,209,Garantie Tamwilcom,3491369.89,2024-10-05
197,GAR_000197,210,Hypothèque,14841329.01,2024-08-16
198,GAR_000198,211,Caution personnelle,321083.15,2024-10-09
199,GAR_000199,212,Nantissement,1035540.66,2022-10-13
200,GAR_000200,213,Hypothèque,833213.61,2024-07-01
201,GAR_000201,214,Caution personnelle,129643.19,2024-05-01
202,GAR_000202,215,Garantie Tamwilcom,488493.41,2024-11-12
203,GAR_000203,219,Hypothèque,771098.21,2024-12-10
204,GAR_000204,220,Hypothèque,1815780.57,2024-04-01
205,GAR_000205,220,Garantie sur créances,960877.46,2024-04-04
206,GAR_000206,220,Aval,1146487.73,2024-03-30
207,GAR_000207,221,Garantie sur fonds de commerce,4995967.53,2024-08-19
208,GAR_000208,223,Hypothèque,798391.05,2025-01-01
209,GAR_000209,224,Hypothèque,10463560.72,2024-02-26
210,GAR_000210,225,Caution personnelle,178188.48,2024-09-24
211,GAR_000211,227,Caution bancaire,2561816.15,2024-08-04
212,GAR_000212,228,Garantie sur matériel,445363.97,2024-11-17
213,GAR_000213,229,Caution personnelle,152041.48,2024-10-06
214,GAR_000214,230,Nantissement,4016555.4,2024-10-27
215,GAR_000215,231,Caution personnelle,468186.24,2024-11-10
216,GAR_000216,232,Caution personnelle,75399.67,2024-12-23
217,GAR_000217,234,Aval,4447761.29,2024-10-05
218,GAR_000218,234,Garantie de l'État,4207092.72,2024-10-07
219,GAR_000219,235,Caution personnelle,450634.73,2024-09-27
220,GAR_000220,236,Hypothèque,15028818.37,2024-06-24
221,GAR_000221,238,Garantie sur matériel,9251192.42,2024-09-25
222,GAR_000222,239,Garantie Tamwilcom,4307355.97,2024-07-03
223,GAR_000223,239,Hypothèque,5334062.35,2024-07-04
224,GAR_000224,240,Garantie sur matériel,8827968.76,2024-08-25
225,GAR_000225,241,Hypothèque,1796127.92,2024-09-11
226,GAR_000226,242,Caution personnelle,85735.85,2024-12-06
227,GAR_000227,243,Nantissement,46832532.75,2022-06-07
228,GAR_000228,244,Caution personnelle,236885.28,2024-11-19
229,GAR_000229,245,Caution personnelle,150145.78,2024-12-21
230,GAR_000230,246,Garantie Tamwilcom,97320.56,2024-10-21
231,GAR_000231,248,Caution bancaire,846376.05,2024-07-11
232,GAR_000232,249,Caution personnelle,293182.63,2024-08-13
233,GAR_000233,251,Caution bancaire,757591.76,2024-12-12
234,GAR_000234,254,Garantie de l'État,197412.81,2022-08-18
235,GAR_000235,255,Caution bancaire,6583857.61,2024-05-25
236,GAR_000236,256,Aval,6079053.93,2024-01-26
237,GAR_000237,256,Aval,5353126.85,2024-01-30
238,GAR_000238,256,Garantie sur fonds de commerce,8058121.88,2024-01-25
239,GAR_000239,257,Nantissement,3281791.17,2024-12-05
240,GAR_000240,258,Caution bancaire,108307.75,2024-12-03
241,GAR_000241,258,Garantie Tamwilcom,132088.56,2024-12-04
242,GAR_000242,260,Nantissement,9595492.31,2022-03-14
243,GAR_000243,261,Garantie Tamwilcom,806916.91,2024-08-06
244,GAR_000244,261,Hypothèque,1083710.09,2024-08-06
245,GAR_000245,262,Nantissement,808141.65,2023-07-10
246,GAR_000246,262,Garantie sur matériel,472195.58,2023-07-14
247,GAR_000247,264,Garantie de l'État,13018029.24,2023-03-06
248,GAR_000248,266,Garantie sur créances,8899735.25,2023-02-20
249,GAR_000249,266,Garantie sur créances,7905538.52,2023-02-15
250,GAR_000250,266,Nantissement,16890051.5,2023-02-14
251,GAR_000251,267,Caution personnelle,538217.52,2024-11-12
252,GAR_000252,268,Caution bancaire,2778030.38,2024-08-18
253,GAR_000253,270,Garantie Tamwilcom,209651.7,2024-11-20
254,GAR_000254,271,Garantie Tamwilcom,25715.92,2024-12-02
255,GAR_000255,274,Aval,9727853.79,2023-02-06
256,GAR_000256,275,Garantie Tamwilcom,1900185.68,2024-08-22
257,GAR_000257,275,Hypothèque,3366724.92,2024-08-18
258,GAR_000258,276,Garantie Tamwilcom,228195.13,2024-08-11
259,GAR_000259,277,Garantie Tamwilcom,89049.11,2024-05-06
260,GAR_000260,278,Hypothèque,20221377.54,2024-05-15
261,GAR_000261,278,Aval,12485126.96,2024-05-14
262,GAR_000262,279,Garantie Tamwilcom,561429.89,2022-11-03
263,GAR_000263,280,Caution personnelle,238195.22,2025-01-01
264,GAR_000264,281,Caution personnelle,817084.29,2024-10-26
265,GAR_000265,283,Garantie sur matériel,1367892.46,2024-10-10
266,GAR_000266,284,Garantie sur matériel,8803936.57,2020-05-28
267,GAR_000267,285,Garantie Tamwilcom,1521929.99,2024-08-15
268,GAR_000268,286,Hypothèque,1957426.72,2024-05-04
269,GAR_000269,286,Nantissement,2242696.18,2024-05-02
270,GAR_000270,290,Nantissement,2765952.21,2023-12-26
271,GAR_000271,291,Nantissement,2167451.84,2024-12-21
272,GAR_000272,292,Caution personnelle,60229.11,2024-06-18
273,GAR_000273,293,Caution bancaire,1472125.1,2024-07-12
274,GAR_000274,294,Garantie Tamwilcom,170719.93,2024-10-15
275,GAR_000275,295,Hypothèque,324398.82,2024-10-23
276,GAR_000276,296,Garantie Tamwilcom,574119.62,2023-10-03
277,GAR_000277,297,Caution personnelle,63634.39,2024-06-05
278,GAR_000278,299,Garantie Tamwilcom,526994.94,2021-08-06
279,GAR_000279,300,Garantie sur matériel,8867883.2,2022-09-16
280,GAR_000280,301,Caution personnelle,390271.37,2024-06-21
281,GAR_000281,302,Garantie Tamwilcom,50949.86,2024-09-12
282,GAR_000282,303,Nantissement,628627.87,2024-03-15
283,GAR_000283,303,Hypothèque,557615.15,2024-03-20
284,GAR_000284,304,Hypothèque,108046793.25,2024-06-22
285,GAR_000285,305,Nantissement,4253698.56,2024-09-29
286,GAR_000286,305,Garantie sur matériel,2618026.64,2024-10-03
287,GAR_000287,306,Hypothèque,14182431.64,2019-07-13
288,GAR_000288,308,Nantissement,13662753.36,2017-12-19
289,GAR_000289,308,Garantie sur créances,9140532.01,2017-12-17
290,GAR_000290,309,Caution bancaire,2589102.86,2024-02-15
291,GAR_000291,310,Garantie Tamwilcom,49678.24,2024-11-08
292,GAR_000292,311,Hypothèque,5742867.69,2024-03-12
293,GAR_000293,312,Garantie Tamwilcom,45137.15,2024-07-14
294,GAR_000294,313,Garantie Tamwilcom,127602.68,2024-06-08
295,GAR_000295,314,Caution personnelle,327754.12,2024-12-05
296,GAR_000296,316,Garantie Tamwilcom,75701.48,2024-12-09
297,GAR_000297,317,Garantie sur créances,27896865.03,2022-11-24
298,GAR_000298,318,Aval,3919180.89,2024-12-14
299,GAR_000299,318,Nantissement,5305250.86,2024-12-14
300,GAR_000300,319,Garantie Tamwilcom,202224.05,2024-08-02
301,GAR_000301,320,Caution personnelle,25840.05,2024-12-02
302,GAR_000302,322,Caution personnelle,551637.97,2024-08-22
303,GAR_000303,323,Garantie Tamwilcom,2890329.64,2020-07-06
304,GAR_000304,324,Garantie Tamwilcom,769555.11,2024-11-24
305,GAR_000305,325,Garantie sur matériel,8059801.28,2024-08-11
306,GAR_000306,326,Caution bancaire,1572570.61,2024-10-24
307,GAR_000307,326,Nantissement,1910148.03,2024-10-31
308,GAR_000308,328,Garantie sur matériel,590342.25,2024-06-26
309,GAR_000309,329,Nantissement,4579158.87,2024-08-19
310,GAR_000310,331,Caution bancaire,4211088.8,2024-10-03
311,GAR_000311,331,Garantie sur matériel,3955257.2,2024-10-01
312,GAR_000312,332,Garantie sur matériel,5887959.9,2023-09-18
313,GAR_000313,333,Caution bancaire,3370306.66,2019-01-14
314,GAR_000314,334,Caution bancaire,2280989.02,2023-08-09
315,GAR_000315,336,Garantie Tamwilcom,496031.79,2024-07-30
316,GAR_000316,337,Garantie Tamwilcom,86980.27,2024-11-11
317,GAR_000317,339,Hypothèque,8594566.31,2021-03-14
318,GAR_000318,340,Garantie sur créances,398617.29,2024-10-17
319,GAR_000319,340,Aval,523458.02,2024-10-12
320,GAR_000320,341,Caution personnelle,10039.5,2024-08-19
321,GAR_000321,342,Caution personnelle,320360.93,2024-08-14
322,GAR_000322,343,Nantissement,13453745.8,2021-11-14
323,GAR_000323,344,Garantie de l'État,11611975.62,2023-07-14
324,GAR_000324,344,Garantie sur créances,10036659.87,2023-07-08
325,GAR_000325,346,Garantie Tamwilcom,390956.41,2024-11-08
326,GAR_000326,347,Caution personnelle,488565.14,2024-11-27
327,GAR_000327,349,Hypothèque,4485117.36,2024-10-14
328,GAR_000328,350,Caution personnelle,120656.66,2024-12-23
329,GAR_000329,352,Hypothèque,17948013.51,2024-11-29
330,GAR_000330,352,Garantie sur créances,10417285.84,2024-11-27
331,GAR_000331,353,Hypothèque,408681.59,2024-12-25
332,GAR_000332,354,Nantissement,9694479.79,2023-09-14
333,GAR_000333,355,Hypothèque,1963364.41,2023-12-02
334,GAR_000334,356,Nantissement,1845071.18,2024-11-09
335,GAR_000335,358,Nantissement,19196459.58,2020-06-20
336,GAR_000336,358,Hypothèque,15986383.12,2020-06-24
337,GAR_000337,359,Garantie Tamwilcom,139340.46,2024-02-14
338,GAR_000338,360,Garantie Tamwilcom,15005.83,2023-10-07
339,GAR_000339,361,Caution personnelle,40494.64,2024-12-05
340,GAR_000340,363,Nantissement,5683886.75,2022-08-09
341,GAR_000341,363,Garantie sur fonds de commerce,5465148.09,2022-08-13
342,GAR_000342,364,Garantie sur fonds de commerce,3721910.8,2023-08-07
343,GAR_000343,365,Caution personnelle,61234.1,2024-12-07
344,GAR_000344,366,Garantie de l'État,9549973.39,2024-10-25
345,GAR_000345,366,Garantie sur fonds de commerce,15503626.52,2024-10-27
346,GAR_000346,366,Hypothèque,16894385.36,2024-10-22
347,GAR_000347,368,Hypothèque,4054419.06,2023-11-28
348,GAR_000348,368,Aval,2842382.88,2023-11-28
349,GAR_000349,368,Garantie sur créances,2811814.37,2023-11-23
350,GAR_000350,369,Caution personnelle,148783.9,2024-07-22
351,GAR_000351,371,Caution personnelle,144272.9,2024-07-25
352,GAR_000352,372,Caution personnelle,30674.41,2024-10-08
353,GAR_000353,373,Garantie sur matériel,1334434.19,2022-05-15
354,GAR_000354,373,Garantie sur matériel,1382272.73,2022-05-22
355,GAR_000355,374,Garantie sur matériel,1419331.92,2024-05-16
356,GAR_000356,375,Garantie Tamwilcom,270402.32,2023-09-28
357,GAR_000357,376,Caution bancaire,10223288.67,2024-08-11
358,GAR_000358,377,Nantissement,2934163.23,2020-01-03
359,GAR_000359,378,Caution personnelle,35910.08,2024-10-25
360,GAR_000360,379,Garantie Tamwilcom,11215999.16,2021-05-09
361,GAR_000361,381,Garantie sur créances,19920478.4,2022-03-24
362,GAR_000362,382,Garantie Tamwilcom,45616.75,2024-08-21
363,GAR_000363,383,Garantie de l'État,324614.72,2024-07-25
364,GAR_000364,383,Nantissement,344285.17,2024-07-21
365,GAR_000365,383,Hypothèque,419810.65,2024-07-27
366,GAR_000366,385,Nantissement,12978158.45,2020-10-13
367,GAR_000367,386,Garantie de l'État,599299.18,2024-08-25
368,GAR_000368,386,Garantie de l'État,677305.15,2024-08-26
369,GAR_000369,386,Garantie sur fonds de commerce,872397.67,2024-08-27
370,GAR_000370,387,Caution bancaire,2582589.92,2024-08-15
371,GAR_000371,387,Hypothèque,3721607.7,2024-08-11
372,GAR_000372,388,Garantie Tamwilcom,840793.83,2020-08-01
373,GAR_000373,388,Nantissement,984022.94,2020-07-29
374,GAR_000374,390,Caution personnelle,161367.46,2024-09-18
375,GAR_000375,391,Nantissement,4767008.82,2024-11-14
376,GAR_000376,392,Caution bancaire,9353765.58,2023-09-07
377,GAR_000377,393,Garantie Tamwilcom,12209914.2,2023-12-06
378,GAR_000378,395,Garantie Tamwilcom,4184106.9,2024-07-15
379,GAR_000379,395,Hypothèque,5797341.36,2024-07-11
380,GAR_000380,396,Caution bancaire,429360.23,2024-12-23
381,GAR_000381,396,Garantie sur matériel,444318.86,2024-12-24
382,GAR_000382,397,Garantie Tamwilcom,10192067.44,2022-08-11
383,GAR_000383,398,Hypothèque,4515488.09,2024-02-04
384,GAR_000384,399,Nantissement,25324162.08,2024-11-17
385,GAR_000385,400,Garantie sur fonds de commerce,4444489.93,2023-12-25
386,GAR_000386,400,Hypothèque,3663293.08,2023-12-22
387,GAR_000387,400,Garantie de l'État,2877314.51,2023-12-22
388,GAR_000388,401,Caution personnelle,132066.74,2024-10-16
389,GAR_000389,402,Caution personnelle,62445.86,2024-09-01
390,GAR_000390,404,Garantie Tamwilcom,599874.56,2024-06-25
391,GAR_000391,406,Hypothèque,1328193.13,2024-11-21
392,GAR_000392,407,Garantie Tamwilcom,5786183.43,2023-05-14
393,GAR_000393,407,Garantie Tamwilcom,5367933.89,2023-05-09
394,GAR_000394,410,Nantissement,26050488.96,2022-11-24
395,GAR_000395,411,Caution personnelle,255930.49,2024-10-29
396,GAR_000396,413,Garantie Tamwilcom,646999.12,2024-11-02
397,GAR_000397,414,Hypothèque,5054055.11,2024-11-04
398,GAR_000398,415,Garantie Tamwilcom,555960.34,2024-07-16
399,GAR_000399,416,Caution personnelle,366425.41,2024-05-24
400,GAR_000400,419,Garantie sur fonds de commerce,61832706.22,2023-03-30
401,GAR_000401,420,Garantie de l'État,2287231.9,2018-06-28
402,GAR_000402,421,Garantie Tamwilcom,605061.56,2024-10-01
403,GAR_000403,426,Caution bancaire,2456270.66,2021-03-30
404,GAR_000404,427,Garantie sur matériel,3838855.19,2021-04-29
405,GAR_000405,427,Garantie sur matériel,4911106.8,2021-04-30
406,GAR_000406,428,Garantie Tamwilcom,4462265.34,2024-12-18
407,GAR_000407,429,Caution personnelle,816832.42,2024-09-18
408,GAR_000408,431,Garantie Tamwilcom,62848.32,2024-12-12
409,GAR_000409,432,Garantie Tamwilcom,293595.25,2024-09-24
410,GAR_000410,433,Caution personnelle,115808.61,2023-04-02
411,GAR_000411,434,Nantissement,9612440.47,2022-06-20
412,GAR_000412,435,Caution personnelle,51033.54,2024-11-15
413,GAR_000413,436,Garantie Tamwilcom,512187.16,2023-05-11
414,GAR_000414,437,Hypothèque,5031830.03,2024-10-04
415,GAR_000415,437,Garantie sur matériel,3540581.8,2024-10-06
416,GAR_000416,438,Garantie sur matériel,4101729.2,2024-11-25
417,GAR_000417,439,Nantissement,19755214.95,2024-12-10
418,GAR_000418,440,Caution personnelle,92246.89,2024-10-07
419,GAR_000419,441,Garantie Tamwilcom,7382218.96,2023-08-22
420,GAR_000420,442,Nantissement,697470.17,2024-07-21
421,GAR_000421,443,Hypothèque,14377846.17,2024-02-12
422,GAR_000422,443,Garantie de l'État,10870727.51,2024-02-07
423,GAR_000423,443,Hypothèque,11149503.64,2024-02-11
424,GAR_000424,444,Garantie Tamwilcom,570842.97,2024-11-13
425,GAR_000425,445,Caution personnelle,55105.79,2024-09-24
426,GAR_000426,446,Caution personnelle,53763.88,2024-06-16
427,GAR_000427,447,Garantie sur créances,445689.08,2024-05-12
428,GAR_000428,447,Aval,418531.34,2024-05-17
429,GAR_000429,448,Garantie de l'État,4647358.93,2024-12-24
430,GAR_000430,449,Nantissement,4488868.38,2017-11-17
431,GAR_000431,449,Aval,3315290.78,2017-11-14
432,GAR_000432,449,Nantissement,4431895.13,2017-11-13
433,GAR_000433,450,Nantissement,1785219.08,2021-06-04
434,GAR_000434,450,Garantie sur matériel,1331593.44,2021-06-03
435,GAR_000435,451,Hypothèque,6385985.25,2024-06-08
436,GAR_000436,452,Garantie Tamwilcom,203128.45,2024-04-04
437,GAR_000437,453,Garantie Tamwilcom,308647.99,2024-08-20
438,GAR_000438,454,Caution personnelle,93686.41,2024-11-26
439,GAR_000439,455,Garantie Tamwilcom,84766.08,2024-07-19
440,GAR_000440,456,Garantie sur matériel,7556474.07,2024-08-07
441,GAR_000441,459,Caution personnelle,626547.65,2024-05-06
442,GAR_000442,460,Caution bancaire,3365239.86,2024-11-22
443,GAR_000443,461,Hypothèque,9032281.69,2015-09-27
444,GAR_000444,462,Garantie Tamwilcom,1817015.08,2025-01-04
445,GAR_000445,463,Garantie Tamwilcom,503837.81,2024-12-05
446,GAR_000446,464,Caution personnelle,209908.47,2024-03-16
447,GAR_000447,466,Caution personnelle,905526.85,2024-04-07
448,GAR_000448,468,Garantie Tamwilcom,4450398.17,2024-05-15
449,GAR_000449,472,Garantie Tamwilcom,331084.86,2024-10-21
450,GAR_000450,473,Nantissement,3938507.71,2021-07-29
451,GAR_000451,474,Garantie sur matériel,6565698.55,2024-08-15
452,GAR_000452,475,Caution personnelle,54178.13,2024-11-03
453,GAR_000453,477,Caution personnelle,193391.18,2024-09-06
454,GAR_000454,478,Nantissement,1383106.54,2024-12-02
455,GAR_000455,478,Hypothèque,1626694.91,2024-12-08
456,GAR_000456,479,Nantissement,26148.34,2024-11-30
457,GAR_000457,480,Garantie Tamwilcom,184782.5,2024-09-12
458,GAR_000458,481,Caution personnelle,752685.07,2024-04-11
459,GAR_000459,482,Garantie Tamwilcom,144188.77,2024-04-07
460,GAR_000460,484,Garantie sur matériel,1013490.47,2022-11-11
461,GAR_000461,484,Caution bancaire,1081482.67,2022-11-14
462,GAR_000462,486,Garantie Tamwilcom,32240.32,2024-07-07
463,GAR_000463,487,Caution bancaire,10915051.11,2022-05-11
464,GAR_000464,488,Garantie sur matériel,7080335.81,2024-08-22
465,GAR_000465,490,Caution bancaire,326344.95,2024-10-21
466,GAR_000466,492,Garantie Tamwilcom,52777.22,2024-09-12
467,GAR_000467,494,Garantie Tamwilcom,387721.41,2024-12-07
468,GAR_000468,494,Garantie sur matériel,263135.81,2024-12-07
469,GAR_000469,495,Garantie sur matériel,706359.03,2024-12-10
470,GAR_000470,496,Garantie sur fonds de commerce,5481769.39,2024-10-10
471,GAR_000471,496,Nantissement,5543397.05,2024-10-12
472,GAR_000472,496,Hypothèque,5202942.67,2024-10-09
473,GAR_000473,497,Garantie Tamwilcom,2512345.39,2024-10-26
474,GAR_000474,500,Caution personnelle,217584.92,2024-05-22
475,GAR_000475,502,Garantie sur fonds de commerce,4612788.72,2023-12-09
476,GAR_000476,502,Garantie de l'État,3030968.56,2023-12-16
477,GAR_000477,503,Caution personnelle,174977.4,2024-10-09
478,GAR_000478,504,Garantie sur matériel,684714.7,2024-08-27
479,GAR_000479,505,Caution bancaire,651969.11,2024-04-19
480,GAR_000480,505,Garantie sur matériel,620854.01,2024-04-21
481,GAR_000481,506,Aval,6104677.69,2024-05-12
482,GAR_000482,506,Garantie sur fonds de commerce,9947130.09,2024-05-16
483,GAR_000483,508,Garantie sur matériel,9587666.82,2021-03-05
484,GAR_000484,509,Garantie Tamwilcom,1585261.75,2024-10-23
485,GAR_000485,509,Nantissement,2109471.04,2024-10-24
486,GAR_000486,512,Garantie Tamwilcom,74441.16,2024-11-29
487,GAR_000487,513,Garantie Tamwilcom,761171.4,2024-06-28
488,GAR_000488,514,Caution personnelle,397780.45,2024-08-10
489,GAR_000489,516,Garantie Tamwilcom,255125.18,2024-08-07
490,GAR_000490,517,Caution bancaire,1376703.02,2024-07-09
491,GAR_000491,518,Nantissement,8746714.93,2023-10-12
492,GAR_000492,519,Hypothèque,1534990.09,2021-02-16
493,GAR_000493,520,Garantie sur matériel,3857335.38,2024-10-22
494,GAR_000494,521,Garantie Tamwilcom,46098.28,2023-03-15
495,GAR_000495,522,Hypothèque,14574962.07,2023-03-09
496,GAR_000496,525,Nantissement,6479928.21,2021-06-09
497,GAR_000497,526,Garantie Tamwilcom,123622.42,2024-09-19
498,GAR_000498,527,Garantie Tamwilcom,405078.83,2024-11-22
499,GAR_000499,529,Garantie de l'État,2026377.81,2024-12-14
500,GAR_000500,530,Hypothèque,18929354.35,2022-08-14
501,GAR_000501,532,Nantissement,7090221.57,2024-03-09
502,GAR_000502,532,Hypothèque,6362257.08,2024-03-11
503,GAR_000503,533,Hypothèque,15345313.62,2019-03-06
504,GAR_000504,534,Garantie Tamwilcom,46577.01,2024-10-13
505,GAR_000505,536,Caution bancaire,1704657.86,2023-02-07
506,GAR_000506,536,Garantie sur matériel,2095055.05,2023-02-14
507,GAR_000507,537,Aval,8263575.26,2020-05-22
508,GAR_000508,537,Garantie sur créances,7884498.1,2020-05-21
509,GAR_000509,537,Garantie sur fonds de commerce,14312048.22,2020-05-18
510,GAR_000510,539,Nantissement,18521159.53,2018-08-20
511,GAR_000511,539,Garantie sur créances,9493859.19,2018-08-18
512,GAR_000512,541,Garantie Tamwilcom,1841108.94,2024-08-16
513,GAR_000513,542,Hypothèque,980527.38,2024-08-11
514,GAR_000514,542,Garantie sur matériel,843987.55,2024-08-15
515,GAR_000515,544,Hypothèque,5241218.8,2021-12-11
516,GAR_000516,544,Garantie sur matériel,2817319.54,2021-12-12
517,GAR_000517,545,Caution personnelle,127854.86,2024-09-06
518,GAR_000518,546,Garantie Tamwilcom,475815.13,2023-12-06
519,GAR_000519,547,Nantissement,3532468.28,2024-09-30
520,GAR_000520,548,Hypothèque,10419399.14,2017-10-28
521,GAR_000521,549,Garantie sur fonds de commerce,9405484.04,2024-08-11
522,GAR_000522,550,Nantissement,38802658.45,2020-07-14
523,GAR_000523,552,Garantie Tamwilcom,765673.01,2024-01-04
524,GAR_000524,552,Hypothèque,1272832.05,2023-12-30
525,GAR_000525,553,Caution bancaire,6608600.84,2020-08-01
526,GAR_000526,554,Nantissement,16206507.28,2024-08-10
527,GAR_000527,558,Garantie Tamwilcom,244013.88,2024-06-16
528,GAR_000528,560,Garantie Tamwilcom,406279.72,2022-04-27
529,GAR_000529,561,Garantie Tamwilcom,89446.39,2024-09-05
530,GAR_000530,562,Nantissement,12121641.28,2020-11-28
531,GAR_000531,563,Hypothèque,6633220.87,2024-07-22
532,GAR_000532,563,Nantissement,8012832.02,2024-07-17
533,GAR_000533,564,Garantie sur matériel,2994020.39,2024-10-20
534,GAR_000534,565,Nantissement,3124845.28,2024-12-17
535,GAR_000535,565,Caution bancaire,2323254.03,2024-12-15
536,GAR_000536,567,Caution personnelle,359234.67,2024-04-11
537,GAR_000537,568,Garantie sur matériel,4705880.78,2020-01-22
538,GAR_000538,570,Caution bancaire,9500280.57,2020-09-22
539,GAR_000539,571,Hypothèque,742775.27,2021-11-04
540,GAR_000540,572,Aval,27730824.67,2024-11-29
541,GAR_000541,573,Garantie Tamwilcom,284842.66,2024-11-16
542,GAR_000542,574,Garantie Tamwilcom,7610776.23,2023-11-06
543,GAR_000543,575,Hypothèque,8963716.3,2024-09-23
544,GAR_000544,576,Garantie Tamwilcom,13384824.41,2024-01-13
545,GAR_000545,578,Garantie Tamwilcom,273990.04,2024-08-26
546,GAR_000546,579,Caution bancaire,753401.99,2024-12-09
547,GAR_000547,580,Garantie Tamwilcom,45413.13,2024-12-12
548,GAR_000548,581,Hypothèque,272174.59,2024-12-18
549,GAR_000549,582,Garantie sur matériel,987101.98,2024-05-20
550,GAR_000550,584,Caution bancaire,5891512.27,2023-04-15
551,GAR_000551,586,Caution personnelle,669727.36,2024-12-26
552,GAR_000552,587,Caution bancaire,3592785.37,2019-12-14
553,GAR_000553,587,Nantissement,5329072.01,2019-12-12
554,GAR_000554,588,Garantie sur matériel,366543.86,2024-03-19
555,GAR_000555,589,Caution bancaire,4429024.4,2024-06-12
556,GAR_000556,590,Nantissement,18888836.14,2017-12-28
557,GAR_000557,591,Garantie sur matériel,7566545.28,2025-01-02
558,GAR_000558,592,Caution personnelle,516142.39,2024-06-19
559,GAR_000559,593,Caution personnelle,74889.64,2024-09-05
560,GAR_000560,594,Caution bancaire,1341265.16,2024-12-20
561,GAR_000561,595,Caution bancaire,1060239.79,2024-09-22
562,GAR_000562,596,Caution personnelle,20257.72,2024-11-04
563,GAR_000563,597,Hypothèque,471062.03,2024-08-07
564,GAR_000564,598,Caution personnelle,328469.14,2024-10-07
565,GAR_000565,599,Garantie Tamwilcom,836403.88,2022-11-12
566,GAR_000566,600,Caution personnelle,241295.68,2024-11-25
567,GAR_000567,601,Nantissement,5816342.01,2024-08-28
568,GAR_000568,602,Hypothèque,1454542.99,2024-03-26
569,GAR_000569,604,Caution bancaire,1306704.41,2024-10-29
570,GAR_000570,605,Aval,16347549.57,2022-06-10
571,GAR_000571,607,Caution bancaire,199664.61,2024-12-14
572,GAR_000572,607,Hypothèque,293572.12,2024-12-09
573,GAR_000573,608,Garantie sur fonds de commerce,4106164.74,2024-10-29
574,GAR_000574,611,Hypothèque,3382887.53,2024-11-19
575,GAR_000575,612,Garantie Tamwilcom,2371740.24,2021-04-02
576,GAR_000576,614,Caution personnelle,396025.0,2024-10-08
577,GAR_000577,615,Garantie Tamwilcom,1480945.45,2023-08-26
578,GAR_000578,615,Nantissement,2341347.91,2023-08-26
579,GAR_000579,616,Hypothèque,1196833.5,2024-03-10
580,GAR_000580,618,Garantie Tamwilcom,222268.14,2024-12-13
581,GAR_000581,619,Caution bancaire,1927984.03,2024-10-16
582,GAR_000582,621,Garantie Tamwilcom,85604.96,2024-04-10
583,GAR_000583,623,Garantie Tamwilcom,129451.37,2024-08-14
584,GAR_000584,626,Garantie Tamwilcom,593059.98,2023-08-02
585,GAR_000585,627,Garantie sur fonds de commerce,10251767.5,2023-08-07
586,GAR_000586,628,Garantie Tamwilcom,763942.08,2024-11-08
587,GAR_000587,630,Nantissement,878689.44,2024-07-28
588,GAR_000588,631,Caution bancaire,2945321.27,2024-07-26
589,GAR_000589,631,Garantie sur matériel,2820511.58,2024-07-22
590,GAR_000590,632,Garantie Tamwilcom,300532.63,2024-09-26
591,GAR_000591,633,Garantie sur créances,263591.92,2024-08-15
592,GAR_000592,633,Hypothèque,430339.46,2024-08-13
593,GAR_000593,634,Caution personnelle,694186.25,2024-06-11
594,GAR_000594,635,Caution bancaire,2379361.53,2024-10-10
595,GAR_000595,635,Garantie Tamwilcom,2733811.55,2024-10-12
596,GAR_000596,637,Garantie Tamwilcom,685943.64,2024-11-04
597,GAR_000597,638,Garantie Tamwilcom,643631.33,2024-11-06
598,GAR_000598,639,Garantie sur matériel,666431.68,2024-05-08
599,GAR_000599,640,Caution personnelle,131289.64,2024-09-26
600,GAR_000600,641,Hypothèque,560592.42,2024-12-11
601,GAR_000601,643,Nantissement,1990957.22,2023-05-03
602,GAR_000602,644,Caution bancaire,11799636.88,2023-02-03
603,GAR_000603,645,Caution personnelle,194313.22,2024-02-11
604,GAR_000604,646,Garantie Tamwilcom,226810.19,2024-10-06
605,GAR_000605,649,Caution bancaire,1756796.84,2020-06-24
606,GAR_000606,650,Nantissement,713729.94,2024-06-17
607,GAR_000607,651,Garantie Tamwilcom,7587755.77,2024-03-03
608,GAR_000608,652,Garantie Tamwilcom,3011525.67,2017-08-27
609,GAR_000609,653,Caution bancaire,13532995.04,2023-01-08
610,GAR_000610,654,Garantie sur matériel,3208176.17,2022-09-16
611,GAR_000611,655,Garantie Tamwilcom,104693.01,2023-10-22
612,GAR_000612,656,Caution bancaire,9279236.32,2018-01-10
613,GAR_000613,657,Garantie sur créances,379538.02,2024-04-28
614,GAR_000614,658,Nantissement,809365.13,2024-10-02
615,GAR_000615,658,Aval,633628.99,2024-09-30
616,GAR_000616,659,Garantie sur matériel,6810109.39,2022-12-26
617,GAR_000617,660,Caution personnelle,537173.51,2024-03-19
618,GAR_000618,661,Caution personnelle,312878.97,2023-07-26
619,GAR_000619,663,Caution personnelle,281753.02,2024-11-11
620,GAR_000620,665,Garantie Tamwilcom,363053.92,2024-08-04
621,GAR_000621,666,Caution personnelle,714787.92,2024-07-12
622,GAR_000622,670,Garantie Tamwilcom,307033.47,2024-05-27
623,GAR_000623,671,Nantissement,2107596.58,2016-06-21
624,GAR_000624,671,Nantissement,2527245.36,2016-06-16
625,GAR_000625,672,Garantie Tamwilcom,479081.33,2023-09-12
626,GAR_000626,673,Garantie Tamwilcom,334196.41,2024-07-19
627,GAR_000627,675,Garantie Tamwilcom,157699.63,2024-08-03
628,GAR_000628,676,Caution bancaire,2659471.22,2023-03-01
629,GAR_000629,676,Hypothèque,4655147.64,2023-03-01
630,GAR_000630,677,Caution bancaire,883456.9,2024-06-18
631,GAR_000631,679,Caution bancaire,1403446.98,2023-05-29
632,GAR_000632,681,Nantissement,8593765.02,2018-08-09
633,GAR_000633,682,Garantie sur matériel,11078475.46,2021-05-22
634,GAR_000634,684,Caution bancaire,10042796.03,2024-11-20
635,GAR_000635,686,Garantie sur créances,251450.8,2019-12-19
636,GAR_000636,686,Garantie sur fonds de commerce,400056.82,2019-12-19
637,GAR_000637,686,Garantie sur créances,239699.05,2019-12-20
638,GAR_000638,687,Garantie Tamwilcom,10992484.96,2018-05-31
639,GAR_000639,688,Garantie Tamwilcom,118860.73,2024-09-07
640,GAR_000640,690,Garantie Tamwilcom,9379228.31,2024-06-14
641,GAR_000641,691,Caution personnelle,200693.16,2024-10-11
642,GAR_000642,692,Hypothèque,2442705.53,2024-05-30
643,GAR_000643,693,Garantie Tamwilcom,131784.33,2024-07-26
644,GAR_000644,695,Garantie Tamwilcom,173128.81,2023-10-16
645,GAR_000645,696,Garantie Tamwilcom,358393.58,2024-08-05
646,GAR_000646,697,Garantie Tamwilcom,1277704.33,2024-11-10
647,GAR_000647,698,Caution bancaire,8607444.94,2023-12-29
648,GAR_000648,700,Hypothèque,14925472.77,2024-12-30
649,GAR_000649,702,Garantie Tamwilcom,6795000.5,2024-08-30
650,GAR_000650,703,Caution personnelle,321313.22,2023-09-10
651,GAR_000651,704,Hypothèque,1372283.06,2022-03-02
652,GAR_000652,704,Hypothèque,1270879.14,2022-03-02
653,GAR_000653,705,Hypothèque,1380630.56,2024-05-25
654,GAR_000654,705,Garantie sur matériel,686720.4,2024-05-30
655,GAR_000655,706,Garantie Tamwilcom,364849.93,2024-09-26
656,GAR_000656,707,Garantie Tamwilcom,228571.21,2024-08-31
657,GAR_000657,708,Garantie sur créances,11693954.51,2024-11-10
658,GAR_000658,708,Garantie de l'État,15656758.45,2024-11-08
659,GAR_000659,708,Hypothèque,19431011.71,2024-11-07
660,GAR_000660,709,Garantie Tamwilcom,75802.13,2024-11-25
661,GAR_000661,709,Hypothèque,145486.65,2024-11-29
662,GAR_000662,710,Garantie Tamwilcom,355261.07,2024-09-20
663,GAR_000663,711,Garantie sur matériel,8581977.49,2024-09-17
664,GAR_000664,712,Hypothèque,9306046.85,2023-01-20
665,GAR_000665,714,Garantie Tamwilcom,8460429.63,2024-11-14
666,GAR_000666,715,Garantie Tamwilcom,15162.02,2024-12-22
667,GAR_000667,716,Garantie Tamwilcom,7241841.26,2024-11-26
668,GAR_000668,717,Nantissement,2898162.89,2018-07-07
669,GAR_000669,718,Nantissement,7798542.54,2024-10-09
670,GAR_000670,718,Garantie de l'État,4859304.65,2024-10-10
671,GAR_000671,718,Garantie de l'État,4557082.96,2024-10-13
672,GAR_000672,719,Garantie Tamwilcom,8403610.56,2023-02-12
673,GAR_000673,721,Nantissement,8913229.49,2024-10-03
674,GAR_000674,722,Nantissement,9908780.38,2024-05-27
675,GAR_000675,722,Garantie sur fonds de commerce,11064961.75,2024-06-02
676,GAR_000676,722,Aval,8887392.96,2024-05-28
677,GAR_000677,723,Aval,3340952.45,2020-01-07
678,GAR_000678,724,Garantie sur matériel,3226742.11,2021-07-09
679,GAR_000679,725,Caution bancaire,178055.77,2024-11-25
680,GAR_000680,725,Caution bancaire,208239.67,2024-11-21
681,GAR_000681,726,Nantissement,16452073.85,2024-12-12
682,GAR_000682,727,Garantie sur fonds de commerce,36961465.74,2024-05-13
683,GAR_000683,730,Caution personnelle,506026.27,2024-11-13
684,GAR_000684,731,Caution personnelle,73601.11,2024-11-10
685,GAR_000685,732,Garantie sur matériel,11168352.59,2023-09-22
686,GAR_000686,733,Garantie sur matériel,2905450.41,2024-05-19
687,GAR_000687,734,Hypothèque,32206462.46,2022-08-16
688,GAR_000688,735,Garantie Tamwilcom,9080604.68,2021-07-31
689,GAR_000689,736,Garantie Tamwilcom,238137.58,2022-11-13
690,GAR_000690,737,Aval,6005724.58,2024-09-15
691,GAR_000691,737,Hypothèque,9924246.56,2024-09-19
692,GAR_000692,738,Hypothèque,734265.14,2022-09-26
693,GAR_000693,739,Garantie Tamwilcom,442612.28,2024-05-06
694,GAR_000694,740,Aval,15484679.69,2024-04-21
695,GAR_000695,741,Hypothèque,1479905.58,2022-10-20
696,GAR_000696,742,Garantie sur matériel,276167.63,2024-11-28
697,GAR_000697,743,Garantie Tamwilcom,49535.38,2024-11-06
698,GAR_000698,744,Caution bancaire,3253133.83,2024-10-13
699,GAR_000699,744,Garantie Tamwilcom,3813701.66,2024-10-08
700,GAR_000700,746,Garantie Tamwilcom,305632.94,2024-08-25
701,GAR_000701,747,Caution personnelle,139593.17,2024-09-22
702,GAR_000702,748,Caution personnelle,97836.99,2024-09-27
703,GAR_000703,749,Garantie Tamwilcom,80721.35,2024-03-25
704,GAR_000704,751,Garantie Tamwilcom,1008426.42,2024-11-24
705,GAR_000705,751,Caution bancaire,885464.84,2024-11-24
706,GAR_000706,752,Caution bancaire,13279459.55,2017-03-30
707,GAR_000707,753,Garantie sur matériel,3201391.01,2021-08-11
708,GAR_000708,754,Garantie sur matériel,2077626.26,2024-02-08
709,GAR_000709,755,Garantie Tamwilcom,2546738.48,2024-11-29
710,GAR_000710,755,Garantie sur matériel,2879363.37,2024-12-01
711,GAR_000711,756,Caution personnelle,17206.33,2024-12-10
712,GAR_000712,758,Garantie sur matériel,46550.79,2024-10-08
713,GAR_000713,758,Garantie Tamwilcom,39610.44,2024-10-11
714,GAR_000714,759,Nantissement,601555.82,2024-10-06
715,GAR_000715,759,Hypothèque,628571.38,2024-10-01
716,GAR_000716,760,Hypothèque,535976.96,2024-06-12
717,GAR_000717,760,Hypothèque,548575.51,2024-06-15
718,GAR_000718,761,Garantie Tamwilcom,87053.58,2024-11-21
719,GAR_000719,762,Caution personnelle,50208.49,2024-12-19
720,GAR_000720,764,Nantissement,22431441.58,2023-04-11
721,GAR_000721,766,Hypothèque,2079971.01,2024-08-23
722,GAR_000722,768,Nantissement,12188092.55,2018-10-08
723,GAR_000723,770,Garantie sur matériel,1612377.94,2024-10-24
724,GAR_000724,771,Nantissement,4274124.88,2024-12-17
725,GAR_000725,771,Garantie de l'État,3325059.85,2024-12-16
726,GAR_000726,772,Nantissement,3370358.22,2024-02-24
727,GAR_000727,774,Caution personnelle,274691.71,2024-11-20
728,GAR_000728,776,Hypothèque,34640573.46,2024-11-24
729,GAR_000729,777,Nantissement,11627109.17,2021-09-06
730,GAR_000730,779,Caution personnelle,17222.69,2024-06-01
731,GAR_000731,780,Caution personnelle,129139.29,2024-11-28
732,GAR_000732,781,Garantie sur fonds de commerce,62653747.58,2020-04-18
733,GAR_000733,782,Caution personnelle,209000.7,2024-04-20
734,GAR_000734,783,Garantie Tamwilcom,220728.26,2024-08-30
735,GAR_000735,784,Garantie Tamwilcom,118844.99,2024-11-10
736,GAR_000736,785,Nantissement,733003.76,2024-11-18
737,GAR_000737,785,Caution bancaire,566645.21,2024-11-18
738,GAR_000738,786,Garantie sur matériel,5339831.09,2024-02-20
739,GAR_000739,786,Garantie sur matériel,7115483.99,2024-02-20
740,GAR_000740,787,Garantie Tamwilcom,1834520.07,2023-03-17
741,GAR_000741,787,Caution bancaire,1546522.43,2023-03-17
742,GAR_000742,788,Caution personnelle,102148.31,2024-11-19
743,GAR_000743,789,Nantissement,16351019.49,2021-08-08
744,GAR_000744,790,Nantissement,13187130.41,2021-08-21
745,GAR_000745,791,Hypothèque,3299069.1,2024-03-19
746,GAR_000746,791,Hypothèque,4222967.76,2024-03-17
747,GAR_000747,792,Hypothèque,2782565.02,2024-12-29
748,GAR_000748,794,Caution personnelle,60141.01,2024-11-22
749,GAR_000749,796,Garantie de l'État,23019436.27,2024-10-17
750,GAR_000750,798,Caution bancaire,1898974.1,2024-11-29
751,GAR_000751,798,Nantissement,2829776.46,2024-11-30
752,GAR_000752,800,Nantissement,754611.76,2019-12-06
753,GAR_000753,800,Hypothèque,960705.68,2019-12-11
754,GAR_000754,801,Nantissement,7182326.71,2023-10-12
755,GAR_000755,801,Garantie Tamwilcom,5110076.83,2023-10-10
756,GAR_000756,802,Garantie Tamwilcom,6509904.11,2022-05-22
757,GAR_000757,803,Hypothèque,7844093.16,2024-07-15
758,GAR_000758,804,Caution bancaire,448683.96,2024-12-03
759,GAR_000759,805,Caution personnelle,158057.47,2024-08-23
760,GAR_000760,806,Caution personnelle,273206.98,2023-11-11
761,GAR_000761,807,Garantie Tamwilcom,316425.62,2024-12-04
762,GAR_000762,808,Nantissement,10222963.03,2023-07-18
763,GAR_000763,809,Caution personnelle,234783.25,2024-07-27
764,GAR_000764,813,Hypothèque,32117.09,2024-07-07
765,GAR_000765,813,Nantissement,28758.8,2024-07-12
766,GAR_000766,814,Garantie Tamwilcom,9562326.12,2019-09-28
767,GAR_000767,815,Garantie Tamwilcom,2405494.4,2022-02-12
768,GAR_000768,816,Garantie Tamwilcom,3829984.85,2023-05-14
769,GAR_000769,818,Nantissement,732688.37,2024-09-19
770,GAR_000770,818,Garantie sur créances,402637.96,2024-09-12
771,GAR_000771,819,Hypothèque,5366572.19,2024-09-11
772,GAR_000772,819,Garantie sur matériel,3193278.34,2024-09-12
773,GAR_000773,821,Garantie sur créances,12039371.12,2018-05-24
774,GAR_000774,822,Nantissement,5311237.59,2021-08-07
775,GAR_000775,823,Nantissement,1249260.54,2024-05-07
776,GAR_000776,823,Hypothèque,1390437.15,2024-05-04
777,GAR_000777,823,Nantissement,1155363.4,2024-05-08
778,GAR_000778,826,Garantie Tamwilcom,79994.14,2024-10-12
779,GAR_000779,827,Garantie Tamwilcom,321300.39,2024-08-13
780,GAR_000780,828,Aval,13032381.47,2020-08-30
781,GAR_000781,828,Hypothèque,16170574.7,2020-08-31
782,GAR_000782,829,Caution personnelle,277124.98,2024-10-21
783,GAR_000783,832,Garantie sur matériel,1267622.64,2024-08-28
784,GAR_000784,833,Garantie Tamwilcom,248881.56,2023-10-13
785,GAR_000785,835,Garantie sur matériel,1181534.1,2024-10-26
786,GAR_000786,837,Caution bancaire,13044340.86,2024-04-18
787,GAR_000787,838,Garantie Tamwilcom,1267904.1,2023-12-18
788,GAR_000788,840,Caution personnelle,21956.58,2024-09-09
789,GAR_000789,841,Garantie Tamwilcom,13984.62,2023-12-25
790,GAR_000790,842,Nantissement,4024157.44,2024-10-06
791,GAR_000791,843,Caution personnelle,181042.38,2024-12-17
792,GAR_000792,844,Garantie Tamwilcom,123740.99,2024-12-18
793,GAR_000793,845,Garantie sur matériel,712581.5,2024-11-11
794,GAR_000794,845,Nantissement,1104798.99,2024-11-13
795,GAR_000795,846,Aval,5941792.94,2022-09-25
796,GAR_000796,846,Aval,5198845.79,2022-09-24
797,GAR_000797,846,Aval,5469723.09,2022-09-25
798,GAR_000798,847,Caution personnelle,107459.79,2024-12-05
799,GAR_000799,848,Garantie Tamwilcom,803015.03,2024-11-24
800,GAR_000800,850,Caution bancaire,9221430.31,2024-10-04
801,GAR_000801,851,Garantie de l'État,12634584.51,2024-02-12
802,GAR_000802,852,Caution bancaire,4019479.99,2023-05-03
803,GAR_000803,852,Garantie sur matériel,3218728.6,2023-05-08
804,GAR_000804,855,Caution personnelle,59224.36,2024-12-26
805,GAR_000805,857,Garantie Tamwilcom,398239.98,2024-06-21
806,GAR_000806,858,Caution bancaire,4006402.06,2024-06-25
807,GAR_000807,858,Hypothèque,6031574.97,2024-06-24
808,GAR_000808,859,Garantie sur matériel,5368644.77,2024-11-29
809,GAR_000809,860,Garantie de l'État,4737822.37,2020-06-01
810,GAR_000810,860,Aval,3950606.12,2020-06-03
